00000001.tif,PrincetonPE1137.binding.frontcover.tif
00000002.tif,PrincetonPE1137.frontmatter.pastedown.tif
00000003.tif,PrincetonPE1137.frontmatter.flyleaf.001r.tif
00000004.tif,PrincetonPE1137.frontmatter.flyleaf.001v.tif
00000005.tif,PrincetonPE1137.001r.tif
00000006.tif,PrincetonPE1137.001v.tif
00000007.tif,PrincetonPE1137.002r.tif
00000008.tif,PrincetonPE1137.002v.tif
00000009.tif,PrincetonPE1137.003r.tif
00000010.tif,PrincetonPE1137.003v.tif
00000011.tif,PrincetonPE1137.004r.tif
00000012.tif,PrincetonPE1137.004v.tif
00000013.tif,PrincetonPE1137.005r.tif
00000014.tif,PrincetonPE1137.005v.tif
00000015.tif,PrincetonPE1137.006r.tif
00000016.tif,PrincetonPE1137.006v.tif
00000017.tif,PrincetonPE1137.007r.tif
00000018.tif,PrincetonPE1137.007v.tif
00000019.tif,PrincetonPE1137.008r.tif
00000020.tif,PrincetonPE1137.008v.tif
00000021.tif,PrincetonPE1137.009r.tif
00000022.tif,PrincetonPE1137.009v.tif
00000023.tif,PrincetonPE1137.010r.tif
00000024.tif,PrincetonPE1137.010v.tif
00000025.tif,PrincetonPE1137.011r.tif
00000026.tif,PrincetonPE1137.011v.tif
00000027.tif,PrincetonPE1137.012r.tif
00000028.tif,PrincetonPE1137.012v.tif
00000029.tif,PrincetonPE1137.013r.tif
00000030.tif,PrincetonPE1137.013v.tif
00000031.tif,PrincetonPE1137.014r.tif
00000032.tif,PrincetonPE1137.014v.tif
00000033.tif,PrincetonPE1137.015r.tif
00000034.tif,PrincetonPE1137.015v.tif
00000035.tif,PrincetonPE1137.016r.tif
00000036.tif,PrincetonPE1137.016v.tif
00000037.tif,PrincetonPE1137.017r.tif
00000038.tif,PrincetonPE1137.017v.tif
00000039.tif,PrincetonPE1137.018r.tif
00000040.tif,PrincetonPE1137.018v.tif
00000041.tif,PrincetonPE1137.019r.tif
00000042.tif,PrincetonPE1137.019v.tif
00000043.tif,PrincetonPE1137.020r.tif
00000044.tif,PrincetonPE1137.020v.tif
00000045.tif,PrincetonPE1137.021r.tif
00000046.tif,PrincetonPE1137.021v.tif
00000047.tif,PrincetonPE1137.022r.tif
00000048.tif,PrincetonPE1137.022v.tif
00000049.tif,PrincetonPE1137.023r.tif
00000050.tif,PrincetonPE1137.023v.tif
00000051.tif,PrincetonPE1137.024r.tif
00000052.tif,PrincetonPE1137.024v.tif
00000053.tif,PrincetonPE1137.025r.tif
00000054.tif,PrincetonPE1137.025v.tif
00000055.tif,PrincetonPE1137.026r.tif
00000056.tif,PrincetonPE1137.026v.tif
00000057.tif,PrincetonPE1137.027r.tif
00000058.tif,PrincetonPE1137.027v.tif
00000059.tif,PrincetonPE1137.028r.tif
00000060.tif,PrincetonPE1137.028v.tif
00000061.tif,PrincetonPE1137.029r.tif
00000062.tif,PrincetonPE1137.029v.tif
00000063.tif,PrincetonPE1137.030r.tif
00000064.tif,PrincetonPE1137.030v.tif
00000065.tif,PrincetonPE1137.031r.tif
00000066.tif,PrincetonPE1137.031v.tif
00000067.tif,PrincetonPE1137.032r.tif
00000068.tif,PrincetonPE1137.032v.tif
00000069.tif,PrincetonPE1137.033r.tif
00000070.tif,PrincetonPE1137.033v.tif
00000071.tif,PrincetonPE1137.034r.tif
00000072.tif,PrincetonPE1137.034v.tif
00000073.tif,PrincetonPE1137.035r.tif
00000074.tif,PrincetonPE1137.035v.tif
00000075.tif,PrincetonPE1137.036r.tif
00000076.tif,PrincetonPE1137.036v.tif
00000077.tif,PrincetonPE1137.037r.tif
00000078.tif,PrincetonPE1137.037v.tif
00000079.tif,PrincetonPE1137.038r.tif
00000080.tif,PrincetonPE1137.038v.tif
00000081.tif,PrincetonPE1137.039r.tif
00000082.tif,PrincetonPE1137.039v.tif
00000083.tif,PrincetonPE1137.040r.tif
00000084.tif,PrincetonPE1137.040v.tif
00000085.tif,PrincetonPE1137.041r.tif
00000086.tif,PrincetonPE1137.041v.tif
00000087.tif,PrincetonPE1137.042r.tif
00000088.tif,PrincetonPE1137.042v.tif
00000089.tif,PrincetonPE1137.043r.tif
00000090.tif,PrincetonPE1137.043v.tif
00000091.tif,PrincetonPE1137.044r.tif
00000092.tif,PrincetonPE1137.044v.tif
00000093.tif,PrincetonPE1137.045r.tif
00000094.tif,PrincetonPE1137.045v.tif
00000095.tif,PrincetonPE1137.046r.tif
00000096.tif,PrincetonPE1137.046v.tif
00000097.tif,PrincetonPE1137.047r.tif
00000098.tif,PrincetonPE1137.047v.tif
00000099.tif,PrincetonPE1137.048r.tif
00000100.tif,PrincetonPE1137.048v.tif
00000101.tif,PrincetonPE1137.049r.tif
00000102.tif,PrincetonPE1137.049v.tif
00000103.tif,PrincetonPE1137.050r.tif
00000104.tif,PrincetonPE1137.050v.tif
00000105.tif,PrincetonPE1137.051r.tif
00000106.tif,PrincetonPE1137.051v.tif
00000107.tif,PrincetonPE1137.052r.tif
00000108.tif,PrincetonPE1137.052v.tif
00000109.tif,PrincetonPE1137.053r.tif
00000110.tif,PrincetonPE1137.053v.tif
00000111.tif,PrincetonPE1137.054r.tif
00000112.tif,PrincetonPE1137.054v.tif
00000113.tif,PrincetonPE1137.055r.tif
00000114.tif,PrincetonPE1137.055v.tif
00000115.tif,PrincetonPE1137.056r.tif
00000116.tif,PrincetonPE1137.056v.tif
00000117.tif,PrincetonPE1137.057r.tif
00000118.tif,PrincetonPE1137.057v.tif
00000119.tif,PrincetonPE1137.058r.tif
00000120.tif,PrincetonPE1137.058v.tif
00000121.tif,PrincetonPE1137.059r.tif
00000122.tif,PrincetonPE1137.059v.tif
00000123.tif,PrincetonPE1137.060r.tif
00000124.tif,PrincetonPE1137.060v.tif
00000125.tif,PrincetonPE1137.061r.tif
00000126.tif,PrincetonPE1137.061v.tif
00000127.tif,PrincetonPE1137.062r.tif
00000128.tif,PrincetonPE1137.062v.tif
00000129.tif,PrincetonPE1137.063r.tif
00000130.tif,PrincetonPE1137.063v.tif
00000131.tif,PrincetonPE1137.064r.tif
00000132.tif,PrincetonPE1137.064v.tif
00000133.tif,PrincetonPE1137.065r.tif
00000134.tif,PrincetonPE1137.065v.tif
00000135.tif,PrincetonPE1137.066r.tif
00000136.tif,PrincetonPE1137.066v.tif
00000137.tif,PrincetonPE1137.067r.tif
00000138.tif,PrincetonPE1137.067v.tif
00000139.tif,PrincetonPE1137.068r.tif
00000140.tif,PrincetonPE1137.068v.tif
00000141.tif,PrincetonPE1137.069r.tif
00000142.tif,PrincetonPE1137.069v.tif
00000143.tif,PrincetonPE1137.070r.tif
00000144.tif,PrincetonPE1137.070v.tif
00000145.tif,PrincetonPE1137.071r.tif
00000146.tif,PrincetonPE1137.071v.tif
00000147.tif,PrincetonPE1137.072r.tif
00000148.tif,PrincetonPE1137.072v.tif
00000149.tif,PrincetonPE1137.073r.tif
00000150.tif,PrincetonPE1137.073v.tif
00000151.tif,PrincetonPE1137.074r.tif
00000152.tif,PrincetonPE1137.074v.tif
00000153.tif,PrincetonPE1137.075r.tif
00000154.tif,PrincetonPE1137.075v.tif
00000155.tif,PrincetonPE1137.076r.tif
00000156.tif,PrincetonPE1137.076v.tif
00000157.tif,PrincetonPE1137.077r.tif
00000158.tif,PrincetonPE1137.077v.tif
00000159.tif,PrincetonPE1137.078r.tif
00000160.tif,PrincetonPE1137.078v.tif
00000161.tif,PrincetonPE1137.079r.tif
00000162.tif,PrincetonPE1137.079v.tif
00000163.tif,PrincetonPE1137.080r.tif
00000164.tif,PrincetonPE1137.080v.tif
00000165.tif,PrincetonPE1137.081r.tif
00000166.tif,PrincetonPE1137.081v.tif
00000167.tif,PrincetonPE1137.082r.tif
00000168.tif,PrincetonPE1137.082v.tif
00000169.tif,PrincetonPE1137.083r.tif
00000170.tif,PrincetonPE1137.083v.tif
00000171.tif,PrincetonPE1137.084r.tif
00000172.tif,PrincetonPE1137.084v.tif
00000173.tif,PrincetonPE1137.085r.tif
00000174.tif,PrincetonPE1137.085v.tif
00000175.tif,PrincetonPE1137.086r.tif
00000176.tif,PrincetonPE1137.086v.tif
00000177.tif,PrincetonPE1137.087r.tif
00000178.tif,PrincetonPE1137.087v.tif
00000179.tif,PrincetonPE1137.088r.tif
00000180.tif,PrincetonPE1137.088v.tif
00000181.tif,PrincetonPE1137.089r.tif
00000182.tif,PrincetonPE1137.089v.tif
00000183.tif,PrincetonPE1137.090r.tif
00000184.tif,PrincetonPE1137.090v.tif
00000185.tif,PrincetonPE1137.091r.tif
00000186.tif,PrincetonPE1137.091v.tif
00000187.tif,PrincetonPE1137.092r.tif
00000188.tif,PrincetonPE1137.092v.tif
00000189.tif,PrincetonPE1137.093r.tif
00000190.tif,PrincetonPE1137.093v.tif
00000191.tif,PrincetonPE1137.094r.tif
00000192.tif,PrincetonPE1137.094v.tif
00000193.tif,PrincetonPE1137.endmatter.flyleaf.001r.tif
00000194.tif,PrincetonPE1137.endmatter.flyleaf.001v.tif
00000195.tif,PrincetonPE1137.endmatter.flyleaf.002r.tif
00000196.tif,PrincetonPE1137.endmatter.flyleaf.002v.tif
00000197.tif,PrincetonPE1137.endmatter.pastedown.tif
00000198.tif,PrincetonPE1137.binding.backcover.tif
