714.tif,RCP10552-2.binding.frontcover.tif
002.tif,RCP10552-2.frontmatter.pastedown.tif
003.tif,RCP10552-2.frontmatter.flyleaf.001r.tif
004.tif,RCP10552-2.frontmatter.flyleaf.001v.tif
005.tif,RCP10552-2.frontmatter.flyleaf.002r.tif
006.tif,RCP10552-2.frontmatter.flyleaf.002v.tif
007.tif,RCP10552-2.frontmatter.flyleaf.003r.tif
008.tif,RCP10552-2.frontmatter.flyleaf.003v.tif
009.tif,RCP10552-2.frontmatter.flyleaf.004r.tif
010.tif,RCP10552-2.frontmatter.flyleaf.004v.tif
011.tif,RCP10552-2.001r.tif
012.tif,RCP10552-2.001v.tif
013.tif,RCP10552-2.002r.tif
014.tif,RCP10552-2.002v.tif
015.tif,RCP10552-2.003r.tif
016.tif,RCP10552-2.003v.tif
017.tif,RCP10552-2.004r.tif
018.tif,RCP10552-2.004v.tif
019.tif,RCP10552-2.005r.tif
020.tif,RCP10552-2.005v.tif
021.tif,RCP10552-2.006r.tif
022.tif,RCP10552-2.006v.tif
023.tif,RCP10552-2.007r.tif
024.tif,RCP10552-2.007v.tif
025.tif,RCP10552-2.008r.tif
026.tif,RCP10552-2.008v.tif
027.tif,RCP10552-2.009r.tif
028.tif,RCP10552-2.009v.tif
029.tif,RCP10552-2.010r.tif
030.tif,RCP10552-2.010v.tif
031.tif,RCP10552-2.011r.tif
032.tif,RCP10552-2.011v.tif
033.tif,RCP10552-2.012r.tif
034.tif,RCP10552-2.012v.tif
035.tif,RCP10552-2.013r.tif
036.tif,RCP10552-2.013v.tif
037.tif,RCP10552-2.014r.tif
038.tif,RCP10552-2.014v.tif
039.tif,RCP10552-2.015r.tif
040.tif,RCP10552-2.015v.tif
041.tif,RCP10552-2.016r.tif
042.tif,RCP10552-2.016v.tif
043.tif,RCP10552-2.017r.tif
044.tif,RCP10552-2.017v.tif
045.tif,RCP10552-2.018r.tif
046.tif,RCP10552-2.018v.tif
047.tif,RCP10552-2.019r.tif
048.tif,RCP10552-2.019v.tif
049.tif,RCP10552-2.020r.tif
050.tif,RCP10552-2.020v.tif
051.tif,RCP10552-2.021r.tif
052.tif,RCP10552-2.021v.tif
053.tif,RCP10552-2.022r.tif
054.tif,RCP10552-2.022v.tif
055.tif,RCP10552-2.023r.tif
056.tif,RCP10552-2.023v.tif
057.tif,RCP10552-2.024r.tif
058.tif,RCP10552-2.024v.tif
059.tif,RCP10552-2.025r.tif
060.tif,RCP10552-2.025v.tif
061.tif,RCP10552-2.026r.tif
062.tif,RCP10552-2.026v.tif
063.tif,RCP10552-2.027r.tif
064.tif,RCP10552-2.027v.tif
065.tif,RCP10552-2.028r.tif
066.tif,RCP10552-2.028v.tif
067.tif,RCP10552-2.029r.tif
068.tif,RCP10552-2.029v.tif
069.tif,RCP10552-2.030r.tif
070.tif,RCP10552-2.030v.tif
071.tif,RCP10552-2.031r.tif
072.tif,RCP10552-2.031v.tif
073.tif,RCP10552-2.032r.tif
074.tif,RCP10552-2.032v.tif
075.tif,RCP10552-2.033r.tif
076.tif,RCP10552-2.033v.tif
077.tif,RCP10552-2.034r.tif
078.tif,RCP10552-2.034v.tif
079.tif,RCP10552-2.035r.tif
080.tif,RCP10552-2.035v.tif
081.tif,RCP10552-2.036r.tif
082.tif,RCP10552-2.036v.tif
083.tif,RCP10552-2.037r.tif
084.tif,RCP10552-2.037v.tif
085.tif,RCP10552-2.038r.tif
086.tif,RCP10552-2.038v.tif
087.tif,RCP10552-2.039r.tif
088.tif,RCP10552-2.039v.tif
089.tif,RCP10552-2.040r.tif
090.tif,RCP10552-2.040v.tif
091.tif,RCP10552-2.041r.tif
092.tif,RCP10552-2.041v.tif
093.tif,RCP10552-2.042r.tif
094.tif,RCP10552-2.042v.tif
095.tif,RCP10552-2.043r.tif
096.tif,RCP10552-2.043v.tif
097.tif,RCP10552-2.044r.tif
098.tif,RCP10552-2.044v.tif
099.tif,RCP10552-2.045r.tif
100.tif,RCP10552-2.045v.tif
101.tif,RCP10552-2.046r.tif
102.tif,RCP10552-2.046v.tif
103.tif,RCP10552-2.047r.tif
104.tif,RCP10552-2.047v.tif
105.tif,RCP10552-2.048r.tif
106.tif,RCP10552-2.048v.tif
107.tif,RCP10552-2.049r.tif
108.tif,RCP10552-2.049v.tif
109.tif,RCP10552-2.050r.tif
110.tif,RCP10552-2.050v.tif
111.tif,RCP10552-2.051r.tif
112.tif,RCP10552-2.051v.tif
113.tif,RCP10552-2.052r.tif
114.tif,RCP10552-2.052v.tif
115.tif,RCP10552-2.053r.tif
116.tif,RCP10552-2.053v.tif
117.tif,RCP10552-2.054r.tif
118.tif,RCP10552-2.054v.tif
119.tif,RCP10552-2.055r.tif
120.tif,RCP10552-2.055v.tif
121.tif,RCP10552-2.056r.tif
122.tif,RCP10552-2.056v.tif
123.tif,RCP10552-2.057r.tif
124.tif,RCP10552-2.057v.tif
125.tif,RCP10552-2.058r.tif
126.tif,RCP10552-2.058v.tif
127.tif,RCP10552-2.059r.tif
128.tif,RCP10552-2.059v.tif
129.tif,RCP10552-2.060r.tif
130.tif,RCP10552-2.060v.tif
131.tif,RCP10552-2.061r.tif
132.tif,RCP10552-2.061v.tif
133.tif,RCP10552-2.062r.tif
134.tif,RCP10552-2.062v.tif
135.tif,RCP10552-2.063r.tif
136.tif,RCP10552-2.063v.tif
137.tif,RCP10552-2.064r.tif
138.tif,RCP10552-2.064v.tif
139.tif,RCP10552-2.065r.tif
140.tif,RCP10552-2.065v.tif
141.tif,RCP10552-2.066r.tif
142.tif,RCP10552-2.066v.tif
143.tif,RCP10552-2.067r.tif
144.tif,RCP10552-2.067v.tif
145.tif,RCP10552-2.068r.tif
146.tif,RCP10552-2.068v.tif
147.tif,RCP10552-2.069r.tif
148.tif,RCP10552-2.069v.tif
149.tif,RCP10552-2.070r.tif
150.tif,RCP10552-2.070v.tif
151.tif,RCP10552-2.071r.tif
152.tif,RCP10552-2.071v.tif
153.tif,RCP10552-2.072r.tif
154.tif,RCP10552-2.072v.tif
155.tif,RCP10552-2.073r.tif
156.tif,RCP10552-2.073v.tif
157.tif,RCP10552-2.074r.tif
158.tif,RCP10552-2.074v.tif
159.tif,RCP10552-2.075r.tif
160.tif,RCP10552-2.075v.tif
161.tif,RCP10552-2.076r.tif
162.tif,RCP10552-2.076v.tif
163.tif,RCP10552-2.077r.tif
164.tif,RCP10552-2.077v.tif
165.tif,RCP10552-2.078r.tif
166.tif,RCP10552-2.078v.tif
167.tif,RCP10552-2.079r.tif
168.tif,RCP10552-2.079v.tif
169.tif,RCP10552-2.080r.tif
170.tif,RCP10552-2.080v.tif
171.tif,RCP10552-2.081r.tif
172.tif,RCP10552-2.081v.tif
173.tif,RCP10552-2.082r.tif
174.tif,RCP10552-2.082v.tif
175.tif,RCP10552-2.083r.tif
176.tif,RCP10552-2.083v.tif
177.tif,RCP10552-2.084r.tif
178.tif,RCP10552-2.084v.tif
179.tif,RCP10552-2.085r.tif
180.tif,RCP10552-2.085v.tif
181.tif,RCP10552-2.086r.tif
182.tif,RCP10552-2.086v.tif
183.tif,RCP10552-2.087r.tif
184.tif,RCP10552-2.087v.tif
185.tif,RCP10552-2.088r.tif
186.tif,RCP10552-2.088v.tif
187.tif,RCP10552-2.089r.tif
188.tif,RCP10552-2.089v.tif
189.tif,RCP10552-2.090r.tif
190.tif,RCP10552-2.090v.tif
191.tif,RCP10552-2.091r.tif
192.tif,RCP10552-2.091v.tif
193.tif,RCP10552-2.092r.tif
194.tif,RCP10552-2.092v.tif
195.tif,RCP10552-2.093r.tif
196.tif,RCP10552-2.093v.tif
197.tif,RCP10552-2.094r.tif
198.tif,RCP10552-2.094v.tif
199.tif,RCP10552-2.095r.tif
200.tif,RCP10552-2.095v.tif
201.tif,RCP10552-2.096r.tif
202.tif,RCP10552-2.096v.tif
203.tif,RCP10552-2.097r.tif
204.tif,RCP10552-2.097v.tif
205.tif,RCP10552-2.098r.tif
206.tif,RCP10552-2.098v.tif
207.tif,RCP10552-2.099r.tif
208.tif,RCP10552-2.099v.tif
209.tif,RCP10552-2.100r.tif
210.tif,RCP10552-2.100v.tif
211.tif,RCP10552-2.101r.tif
212.tif,RCP10552-2.101v.tif
213.tif,RCP10552-2.102r.tif
214.tif,RCP10552-2.102v.tif
215.tif,RCP10552-2.103r.tif
216.tif,RCP10552-2.103v.tif
217.tif,RCP10552-2.104r.tif
218.tif,RCP10552-2.104v.tif
219.tif,RCP10552-2.105r.tif
220.tif,RCP10552-2.105v.tif
221.tif,RCP10552-2.106r.tif
222.tif,RCP10552-2.106v.tif
223.tif,RCP10552-2.107r.tif
224.tif,RCP10552-2.107v.tif
225.tif,RCP10552-2.108r.tif
226.tif,RCP10552-2.108v.tif
227.tif,RCP10552-2.109r.tif
228.tif,RCP10552-2.109v.tif
229.tif,RCP10552-2.110r.tif
230.tif,RCP10552-2.110v.tif
231.tif,RCP10552-2.111r.tif
232.tif,RCP10552-2.111v.tif
233.tif,RCP10552-2.112r.tif
234.tif,RCP10552-2.112v.tif
235.tif,RCP10552-2.113r.tif
236.tif,RCP10552-2.113v.tif
237.tif,RCP10552-2.114r.tif
238.tif,RCP10552-2.114v.tif
239.tif,RCP10552-2.115r.tif
240.tif,RCP10552-2.115v.tif
241.tif,RCP10552-2.116r.tif
242.tif,RCP10552-2.116v.tif
243.tif,RCP10552-2.117r.tif
244.tif,RCP10552-2.117v.tif
245.tif,RCP10552-2.118r.tif
246.tif,RCP10552-2.118v.tif
247.tif,RCP10552-2.119r.tif
248.tif,RCP10552-2.119v.tif
249.tif,RCP10552-2.120r.tif
250.tif,RCP10552-2.120v.tif
251.tif,RCP10552-2.121r.tif
252.tif,RCP10552-2.121v.tif
253.tif,RCP10552-2.122r.tif
254.tif,RCP10552-2.122v.tif
255.tif,RCP10552-2.123r.tif
256.tif,RCP10552-2.123v.tif
257.tif,RCP10552-2.124r.tif
258.tif,RCP10552-2.124v.tif
259.tif,RCP10552-2.125r.tif
260.tif,RCP10552-2.125v.tif
261.tif,RCP10552-2.126r.tif
262.tif,RCP10552-2.126v.tif
263.tif,RCP10552-2.127r.tif
264.tif,RCP10552-2.127v.tif
265.tif,RCP10552-2.128r.tif
266.tif,RCP10552-2.128v.tif
267.tif,RCP10552-2.129r.tif
268.tif,RCP10552-2.129v.tif
269.tif,RCP10552-2.130r.tif
270.tif,RCP10552-2.130v.tif
271.tif,RCP10552-2.131r.tif
272.tif,RCP10552-2.131v.tif
273.tif,RCP10552-2.132r.tif
274.tif,RCP10552-2.132v.tif
275.tif,RCP10552-2.133r.tif
276.tif,RCP10552-2.133v.tif
277.tif,RCP10552-2.134r.tif
278.tif,RCP10552-2.134v.tif
279.tif,RCP10552-2.135r.tif
280.tif,RCP10552-2.135v.tif
281.tif,RCP10552-2.136r.tif
282.tif,RCP10552-2.136v.tif
283.tif,RCP10552-2.137r.tif
284.tif,RCP10552-2.137v.tif
285.tif,RCP10552-2.138r.tif
286.tif,RCP10552-2.138v.tif
287.tif,RCP10552-2.139r.tif
288.tif,RCP10552-2.139v.tif
289.tif,RCP10552-2.140r.tif
290.tif,RCP10552-2.140v.tif
291.tif,RCP10552-2.141r.tif
292.tif,RCP10552-2.141v.tif
293.tif,RCP10552-2.142r.tif
294.tif,RCP10552-2.142v.tif
295.tif,RCP10552-2.143r.tif
296.tif,RCP10552-2.143v.tif
297.tif,RCP10552-2.144r.tif
298.tif,RCP10552-2.144v.tif
299.tif,RCP10552-2.145r.tif
300.tif,RCP10552-2.145v.tif
301.tif,RCP10552-2.146r.tif
302.tif,RCP10552-2.146v.tif
303.tif,RCP10552-2.147r.tif
304.tif,RCP10552-2.147v.tif
305.tif,RCP10552-2.148r.tif
306.tif,RCP10552-2.148v.tif
307.tif,RCP10552-2.149r.tif
308.tif,RCP10552-2.149v.tif
309.tif,RCP10552-2.150r.tif
310.tif,RCP10552-2.150v.tif
311.tif,RCP10552-2.151r.tif
312.tif,RCP10552-2.151v.tif
313.tif,RCP10552-2.152r.tif
314.tif,RCP10552-2.152v.tif
315.tif,RCP10552-2.153r.tif
316.tif,RCP10552-2.153v.tif
317.tif,RCP10552-2.154r.tif
318.tif,RCP10552-2.154v.tif
319.tif,RCP10552-2.155r.tif
320.tif,RCP10552-2.155v.tif
321.tif,RCP10552-2.156r.tif
322.tif,RCP10552-2.156v.tif
323.tif,RCP10552-2.157r.tif
324.tif,RCP10552-2.157v.tif
325.tif,RCP10552-2.158r.tif
326.tif,RCP10552-2.158v.tif
327.tif,RCP10552-2.159r.tif
328.tif,RCP10552-2.159v.tif
329.tif,RCP10552-2.160r.tif
330.tif,RCP10552-2.160v.tif
331.tif,RCP10552-2.161r.tif
332.tif,RCP10552-2.161v.tif
333.tif,RCP10552-2.162r.tif
334.tif,RCP10552-2.162v.tif
335.tif,RCP10552-2.163r.tif
336.tif,RCP10552-2.163v.tif
337.tif,RCP10552-2.164r.tif
338.tif,RCP10552-2.164v.tif
339.tif,RCP10552-2.165r.tif
340.tif,RCP10552-2.165v.tif
341.tif,RCP10552-2.166r.tif
342.tif,RCP10552-2.166v.tif
343.tif,RCP10552-2.167r.tif
344.tif,RCP10552-2.167v.tif
345.tif,RCP10552-2.168r.tif
346.tif,RCP10552-2.168v.tif
347.tif,RCP10552-2.169r.tif
348.tif,RCP10552-2.169v.tif
349.tif,RCP10552-2.170r.tif
350.tif,RCP10552-2.170v.tif
351.tif,RCP10552-2.171r.tif
352.tif,RCP10552-2.171v.tif
353.tif,RCP10552-2.172r.tif
354.tif,RCP10552-2.172v.tif
355.tif,RCP10552-2.173r.tif
356.tif,RCP10552-2.173v.tif
357.tif,RCP10552-2.174r.tif
358.tif,RCP10552-2.174v.tif
359.tif,RCP10552-2.175r.tif
360.tif,RCP10552-2.175v.tif
361.tif,RCP10552-2.176r.tif
362.tif,RCP10552-2.176v.tif
363.tif,RCP10552-2.177r.tif
364.tif,RCP10552-2.177v.tif
365.tif,RCP10552-2.178r.tif
366.tif,RCP10552-2.178v.tif
367.tif,RCP10552-2.179r.tif
368.tif,RCP10552-2.179v.tif
369.tif,RCP10552-2.180r.tif
370.tif,RCP10552-2.180v.tif
371.tif,RCP10552-2.181r.tif
372.tif,RCP10552-2.181v.tif
373.tif,RCP10552-2.182r.tif
374.tif,RCP10552-2.182v.tif
375.tif,RCP10552-2.183r.tif
376.tif,RCP10552-2.183v.tif
377.tif,RCP10552-2.184r.tif
378.tif,RCP10552-2.184v.tif
379.tif,RCP10552-2.185r.tif
380.tif,RCP10552-2.185v.tif
381.tif,RCP10552-2.186r.tif
382.tif,RCP10552-2.186v.tif
383.tif,RCP10552-2.187r.tif
384.tif,RCP10552-2.187v.tif
385.tif,RCP10552-2.188r.tif
386.tif,RCP10552-2.188v.tif
387.tif,RCP10552-2.189r.tif
388.tif,RCP10552-2.189v.tif
389.tif,RCP10552-2.190r.tif
390.tif,RCP10552-2.190v.tif
391.tif,RCP10552-2.191r.tif
392.tif,RCP10552-2.191v.tif
393.tif,RCP10552-2.192r.tif
394.tif,RCP10552-2.192v.tif
395.tif,RCP10552-2.193r.tif
396.tif,RCP10552-2.193v.tif
397.tif,RCP10552-2.194r.tif
398.tif,RCP10552-2.194v.tif
399.tif,RCP10552-2.195r.tif
400.tif,RCP10552-2.195v.tif
401.tif,RCP10552-2.196r.tif
402.tif,RCP10552-2.196v.tif
403.tif,RCP10552-2.197r.tif
404.tif,RCP10552-2.197v.tif
405.tif,RCP10552-2.198r.tif
406.tif,RCP10552-2.198v.tif
407.tif,RCP10552-2.199r.tif
408.tif,RCP10552-2.199v.tif
409.tif,RCP10552-2.200r.tif
410.tif,RCP10552-2.200v.tif
411.tif,RCP10552-2.201r.tif
412.tif,RCP10552-2.201v.tif
413.tif,RCP10552-2.202r.tif
414.tif,RCP10552-2.202v.tif
415.tif,RCP10552-2.203r.tif
416.tif,RCP10552-2.203v.tif
417.tif,RCP10552-2.204r.tif
418.tif,RCP10552-2.204v.tif
419.tif,RCP10552-2.205r.tif
420.tif,RCP10552-2.205v.tif
421.tif,RCP10552-2.206r.tif
422.tif,RCP10552-2.206v.tif
423.tif,RCP10552-2.207r.tif
424.tif,RCP10552-2.207v.tif
425.tif,RCP10552-2.208r.tif
426.tif,RCP10552-2.208v.tif
427.tif,RCP10552-2.209r.tif
428.tif,RCP10552-2.209v.tif
429.tif,RCP10552-2.210r.tif
430.tif,RCP10552-2.210v.tif
431.tif,RCP10552-2.211r.tif
432.tif,RCP10552-2.211v.tif
433.tif,RCP10552-2.212r.tif
434.tif,RCP10552-2.212v.tif
435.tif,RCP10552-2.213r.tif
436.tif,RCP10552-2.213v.tif
437.tif,RCP10552-2.214r.tif
438.tif,RCP10552-2.214v.tif
439.tif,RCP10552-2.215r.tif
440.tif,RCP10552-2.215v.tif
441.tif,RCP10552-2.216r.tif
442.tif,RCP10552-2.216v.tif
443.tif,RCP10552-2.217r.tif
444.tif,RCP10552-2.217v.tif
445.tif,RCP10552-2.218r.tif
446.tif,RCP10552-2.218v.tif
447.tif,RCP10552-2.219r.tif
448.tif,RCP10552-2.219v.tif
449.tif,RCP10552-2.220r.tif
450.tif,RCP10552-2.220v.tif
451.tif,RCP10552-2.221r.tif
452.tif,RCP10552-2.221v.tif
453.tif,RCP10552-2.222r.tif
454.tif,RCP10552-2.222v.tif
455.tif,RCP10552-2.223r.tif
456.tif,RCP10552-2.223v.tif
457.tif,RCP10552-2.224r.tif
458.tif,RCP10552-2.224v.tif
459.tif,RCP10552-2.225r.tif
460.tif,RCP10552-2.225v.tif
461.tif,RCP10552-2.226r.tif
462.tif,RCP10552-2.226v.tif
463.tif,RCP10552-2.227r.tif
464.tif,RCP10552-2.227v.tif
465.tif,RCP10552-2.228r.tif
466.tif,RCP10552-2.228v.tif
467.tif,RCP10552-2.229r.tif
468.tif,RCP10552-2.229v.tif
469.tif,RCP10552-2.230r.tif
470.tif,RCP10552-2.230v.tif
471.tif,RCP10552-2.231r.tif
472.tif,RCP10552-2.231v.tif
473.tif,RCP10552-2.232r.tif
474.tif,RCP10552-2.232v.tif
475.tif,RCP10552-2.233r.tif
476.tif,RCP10552-2.233v.tif
477.tif,RCP10552-2.234r.tif
478.tif,RCP10552-2.234v.tif
479.tif,RCP10552-2.235r.tif
480.tif,RCP10552-2.235v.tif
481.tif,RCP10552-2.236r.tif
482.tif,RCP10552-2.236v.tif
483.tif,RCP10552-2.237r.tif
484.tif,RCP10552-2.237v.tif
485.tif,RCP10552-2.238r.tif
486.tif,RCP10552-2.238v.tif
487.tif,RCP10552-2.239r.tif
488.tif,RCP10552-2.239v.tif
489.tif,RCP10552-2.240r.tif
490.tif,RCP10552-2.240v.tif
491.tif,RCP10552-2.241r.tif
492.tif,RCP10552-2.241v.tif
493.tif,RCP10552-2.242r.tif
494.tif,RCP10552-2.242v.tif
495.tif,RCP10552-2.243r.tif
496.tif,RCP10552-2.243v.tif
497.tif,RCP10552-2.244r.tif
498.tif,RCP10552-2.244v.tif
499.tif,RCP10552-2.245r.tif
500.tif,RCP10552-2.245v.tif
501.tif,RCP10552-2.246r.tif
502.tif,RCP10552-2.246v.tif
503.tif,RCP10552-2.247r.tif
504.tif,RCP10552-2.247v.tif
505.tif,RCP10552-2.248r.tif
506.tif,RCP10552-2.248v.tif
507.tif,RCP10552-2.249r.tif
508.tif,RCP10552-2.249v.tif
509.tif,RCP10552-2.250r.tif
510.tif,RCP10552-2.250v.tif
511.tif,RCP10552-2.251r.tif
512.tif,RCP10552-2.251v.tif
513.tif,RCP10552-2.252r.tif
514.tif,RCP10552-2.252v.tif
515.tif,RCP10552-2.253r.tif
516.tif,RCP10552-2.253v.tif
517.tif,RCP10552-2.254r.tif
518.tif,RCP10552-2.254v.tif
519.tif,RCP10552-2.255r.tif
520.tif,RCP10552-2.255v.tif
521.tif,RCP10552-2.256r.tif
522.tif,RCP10552-2.256v.tif
523.tif,RCP10552-2.257r.tif
524.tif,RCP10552-2.257v.tif
525.tif,RCP10552-2.258r.tif
526.tif,RCP10552-2.258v.tif
527.tif,RCP10552-2.259r.tif
528.tif,RCP10552-2.259v.tif
529.tif,RCP10552-2.260r.tif
530.tif,RCP10552-2.260v.tif
531.tif,RCP10552-2.261r.tif
532.tif,RCP10552-2.261v.tif
533.tif,RCP10552-2.262r.tif
534.tif,RCP10552-2.262v.tif
535.tif,RCP10552-2.263r.tif
536.tif,RCP10552-2.263v.tif
537.tif,RCP10552-2.264r.tif
538.tif,RCP10552-2.264v.tif
539.tif,RCP10552-2.265r.tif
540.tif,RCP10552-2.265v.tif
541.tif,RCP10552-2.266r.tif
542.tif,RCP10552-2.266v.tif
543.tif,RCP10552-2.267r.tif
544.tif,RCP10552-2.267v.tif
545.tif,RCP10552-2.268r.tif
546.tif,RCP10552-2.268v.tif
547.tif,RCP10552-2.269r.tif
548.tif,RCP10552-2.269v.tif
549.tif,RCP10552-2.270r.tif
550.tif,RCP10552-2.270v.tif
551.tif,RCP10552-2.271r.tif
552.tif,RCP10552-2.271v.tif
553.tif,RCP10552-2.272r.tif
554.tif,RCP10552-2.272v.tif
555.tif,RCP10552-2.273r.tif
556.tif,RCP10552-2.273v.tif
557.tif,RCP10552-2.274r.tif
558.tif,RCP10552-2.274v.tif
559.tif,RCP10552-2.275r.tif
560.tif,RCP10552-2.275v.tif
561.tif,RCP10552-2.276r.tif
562.tif,RCP10552-2.276v.tif
563.tif,RCP10552-2.277r.tif
564.tif,RCP10552-2.277v.tif
565.tif,RCP10552-2.278r.tif
566.tif,RCP10552-2.278v.tif
567.tif,RCP10552-2.279r.tif
568.tif,RCP10552-2.279v.tif
569.tif,RCP10552-2.280r.tif
570.tif,RCP10552-2.280v.tif
571.tif,RCP10552-2.281r.tif
572.tif,RCP10552-2.281v.tif
573.tif,RCP10552-2.282r.tif
574.tif,RCP10552-2.282v.tif
575.tif,RCP10552-2.283r.tif
576.tif,RCP10552-2.283v.tif
577.tif,RCP10552-2.284r.tif
578.tif,RCP10552-2.284v.tif
579.tif,RCP10552-2.285r.tif
580.tif,RCP10552-2.285v.tif
581.tif,RCP10552-2.286r.tif
582.tif,RCP10552-2.286v.tif
583.tif,RCP10552-2.287r.tif
584.tif,RCP10552-2.287v.tif
585.tif,RCP10552-2.288r.tif
586.tif,RCP10552-2.288v.tif
587.tif,RCP10552-2.289r.tif
588.tif,RCP10552-2.289v.tif
589.tif,RCP10552-2.290r.tif
590.tif,RCP10552-2.290v.tif
591.tif,RCP10552-2.291r.tif
592.tif,RCP10552-2.291v.tif
593.tif,RCP10552-2.292r.tif
594.tif,RCP10552-2.292v.tif
595.tif,RCP10552-2.293r.tif
596.tif,RCP10552-2.293v.tif
597.tif,RCP10552-2.294r.tif
598.tif,RCP10552-2.294v.tif
599.tif,RCP10552-2.295r.tif
600.tif,RCP10552-2.295v.tif
601.tif,RCP10552-2.296r.tif
602.tif,RCP10552-2.296v.tif
603.tif,RCP10552-2.297r.tif
604.tif,RCP10552-2.297v.tif
605.tif,RCP10552-2.298r.tif
606.tif,RCP10552-2.298v.tif
607.tif,RCP10552-2.299r.tif
608.tif,RCP10552-2.299v.tif
609.tif,RCP10552-2.300r.tif
610.tif,RCP10552-2.300v.tif
611.tif,RCP10552-2.301r.tif
612.tif,RCP10552-2.301v.tif
613.tif,RCP10552-2.302r.tif
614.tif,RCP10552-2.302v.tif
615.tif,RCP10552-2.303r.tif
616.tif,RCP10552-2.303v.tif
617.tif,RCP10552-2.304r.tif
618.tif,RCP10552-2.304v.tif
619.tif,RCP10552-2.305r.tif
620.tif,RCP10552-2.305v.tif
621.tif,RCP10552-2.306r.tif
622.tif,RCP10552-2.306v.tif
623.tif,RCP10552-2.307r.tif
624.tif,RCP10552-2.307v.tif
625.tif,RCP10552-2.308r.tif
626.tif,RCP10552-2.308v.tif
627.tif,RCP10552-2.309r.tif
628.tif,RCP10552-2.309v.tif
629.tif,RCP10552-2.310r.tif
630.tif,RCP10552-2.310v.tif
631.tif,RCP10552-2.311r.tif
632.tif,RCP10552-2.311v.tif
633.tif,RCP10552-2.312r.tif
634.tif,RCP10552-2.312v.tif
635.tif,RCP10552-2.313r.tif
636.tif,RCP10552-2.313v.tif
637.tif,RCP10552-2.314r.tif
638.tif,RCP10552-2.314v.tif
639.tif,RCP10552-2.315r.tif
640.tif,RCP10552-2.315v.tif
641.tif,RCP10552-2.316r.tif
642.tif,RCP10552-2.316v.tif
643.tif,RCP10552-2.317r.tif
644.tif,RCP10552-2.317v.tif
645.tif,RCP10552-2.318r.tif
646.tif,RCP10552-2.318v.tif
647.tif,RCP10552-2.319r.tif
648.tif,RCP10552-2.319v.tif
649.tif,RCP10552-2.320r.tif
650.tif,RCP10552-2.320v.tif
651.tif,RCP10552-2.321r.tif
652.tif,RCP10552-2.321v.tif
653.tif,RCP10552-2.322r.tif
654.tif,RCP10552-2.322v.tif
655.tif,RCP10552-2.323r.tif
656.tif,RCP10552-2.323v.tif
657.tif,RCP10552-2.324r.tif
658.tif,RCP10552-2.324v.tif
659.tif,RCP10552-2.325r.tif
660.tif,RCP10552-2.325v.tif
661.tif,RCP10552-2.326r.tif
662.tif,RCP10552-2.326v.tif
663.tif,RCP10552-2.327r.tif
664.tif,RCP10552-2.327v.tif
665.tif,RCP10552-2.328r.tif
666.tif,RCP10552-2.328v.tif
667.tif,RCP10552-2.329r.tif
668.tif,RCP10552-2.329v.tif
669.tif,RCP10552-2.330r.tif
670.tif,RCP10552-2.330v.tif
671.tif,RCP10552-2.331r.tif
672.tif,RCP10552-2.331v.tif
673.tif,RCP10552-2.332r.tif
674.tif,RCP10552-2.332v.tif
675.tif,RCP10552-2.333r.tif
676.tif,RCP10552-2.333v.tif
677.tif,RCP10552-2.334r.tif
678.tif,RCP10552-2.334v.tif
679.tif,RCP10552-2.335r.tif
680.tif,RCP10552-2.335v.tif
681.tif,RCP10552-2.336r.tif
682.tif,RCP10552-2.336v.tif
683.tif,RCP10552-2.337r.tif
684.tif,RCP10552-2.337v.tif
685.tif,RCP10552-2.338r.tif
686.tif,RCP10552-2.338v.tif
687.tif,RCP10552-2.339r.tif
688.tif,RCP10552-2.339v.tif
689.tif,RCP10552-2.340r.tif
690.tif,RCP10552-2.340v.tif
691.tif,RCP10552-2.341r.tif
692.tif,RCP10552-2.341v.tif
693.tif,RCP10552-2.342r.tif
694.tif,RCP10552-2.342v.tif
695.tif,RCP10552-2.343r.tif
696.tif,RCP10552-2.343v.tif
697.tif,RCP10552-2.344r.tif
698.tif,RCP10552-2.344v.tif
699.tif,RCP10552-2.345r.tif
700.tif,RCP10552-2.345v.tif
701.tif,RCP10552-2.346r.tif
702.tif,RCP10552-2.346v.tif
703.tif,RCP10552-2.347r.tif
704.tif,RCP10552-2.347v.tif
705.tif,RCP10552-2.348r.tif
706.tif,RCP10552-2.348v.tif
707.tif,RCP10552-2.endmatter.flyleaf.001r.tif
708.tif,RCP10552-2.endmatter.flyleaf.001v.tif
709.tif,RCP10552-2.endmatter.flyleaf.002r.tif
710.tif,RCP10552-2.endmatter.flyleaf.002v.tif
711.tif,RCP10552-2.endmatter.flyleaf.003r.tif
712.tif,RCP10552-2.endmatter.flyleaf.003v.tif
713.tif,RCP10552-2.endmatter.pastedown.tif
715.tif,RCP10552-2.binding.backcover.tif
716.tif,RCP10552-2.misc.grayscale.tif
001.tif,RCP10552-2.binding.spine.tif
