Francais802.binding.frontcover.tif,2869,4031
Francais802.frontmatter.pastedown.tif,2879,3993
Francais802.frontmatter.flyleaf.01r.tif,2632,3842
Francais802.frontmatter.flyleaf.01v.tif,2635,3851
Francais802.frontmatter.flyleaf.02r.tif,2594,3804
Francais802.frontmatter.flyleaf.02v.tif,2585,3803
Francais802.frontmatter.flyleaf.03r.tif,2557,3817
Francais802.frontmatter.flyleaf.03v.tif,2589,3818
Francais802.frontmatter.flyleaf.04r.tif,2566,3821
Francais802.frontmatter.flyleaf.04v.tif,2546,3821
Francais802.001r.tif,2604,3848
Francais802.001v.tif,2583,3852
Francais802.002r.tif,2595,3852
Francais802.002v.tif,2571,3848
Francais802.003r.tif,2588,3862
Francais802.003v.tif,2575,3844
Francais802.004r.tif,2591,3848
Francais802.004v.tif,2570,3842
Francais802.005r.tif,2595,3844
Francais802.005v.tif,2549,3844
Francais802.006r.tif,2575,3864
Francais802.006v.tif,2568,3845
Francais802.007r.tif,2577,3855
Francais802.007v.tif,2561,3852
Francais802.008r.tif,2578,3861
Francais802.008v.tif,2564,3845
Francais802.009r.tif,2584,3862
Francais802.009v.tif,2565,3886
Francais802.010r.tif,2567,3855
Francais802.010v.tif,2547,3855
Francais802.011r.tif,2550,3872
Francais802.011v.tif,2526,3871
Francais802.012r.tif,2550,3851
Francais802.012v.tif,2536,3862
Francais802.013r.tif,2550,3857
Francais802.013v.tif,2520,3858
Francais802.014r.tif,2546,3862
Francais802.014v.tif,2526,3842
Francais802.015r.tif,2549,3847
Francais802.015v.tif,2526,3842
Francais802.016r.tif,2536,3865
Francais802.016v.tif,2517,3862
Francais802.017r.tif,2557,3851
Francais802.017v.tif,2560,3845
Francais802.018r.tif,2543,3858
Francais802.018v.tif,2547,3851
Francais802.019r.tif,2543,3844
Francais802.019v.tif,2530,3834
Francais802.020r.tif,2558,3828
Francais802.020v.tif,2558,3834
Francais802.021r.tif,2542,3849
Francais802.021v.tif,2506,3846
Francais802.022r.tif,2542,3841
Francais802.022v.tif,2528,3845
Francais802.023r.tif,2549,3859
Francais802.023v.tif,2541,3858
Francais802.024r.tif,2550,3851
Francais802.024v.tif,2534,3862
Francais802.025r.tif,2567,3854
Francais802.025v.tif,2567,3850
Francais802.026r.tif,2577,3847
Francais802.026v.tif,2556,3846
Francais802.027r.tif,2564,3842
Francais802.027v.tif,2529,3842
Francais802.028r.tif,2567,3841
Francais802.028v.tif,2539,3855
Francais802.029r.tif,2550,3848
Francais802.029v.tif,2547,3851
Francais802.030r.tif,2557,3831
Francais802.030v.tif,2621,3863
Francais802.031r.tif,2531,3848
Francais802.031v.tif,2633,3881
Francais802.032r.tif,2535,3855
Francais802.032v.tif,2535,3865
Francais802.033r.tif,2549,3845
Francais802.033v.tif,2545,3856
Francais802.034r.tif,2571,3841
Francais802.034v.tif,2496,3859
Francais802.035r.tif,2536,3844
Francais802.035v.tif,2504,3875
Francais802.036r.tif,2539,3848
Francais802.036v.tif,2511,3868
Francais802.037r.tif,2525,3837
Francais802.037v.tif,2493,3837
Francais802.038r.tif,2529,3844
Francais802.038v.tif,2529,3845
Francais802.039r.tif,2513,3858
Francais802.039v.tif,2525,3850
Francais802.040r.tif,2528,3849
Francais802.040v.tif,2538,3846
Francais802.041r.tif,2518,3862
Francais802.041v.tif,2550,3852
Francais802.042r.tif,2567,3848
Francais802.042v.tif,2512,3852
Francais802.043r.tif,2516,3863
Francais802.043v.tif,2533,3855
Francais802.044r.tif,2574,3845
Francais802.044v.tif,2544,3845
Francais802.045r.tif,2567,3848
Francais802.045v.tif,2515,3855
Francais802.046r.tif,2539,3852
Francais802.046v.tif,2520,3855
Francais802.047r.tif,2542,3844
Francais802.047v.tif,2529,3848
Francais802.048r.tif,2508,3859
Francais802.048v.tif,2605,3880
Francais802.049r.tif,2543,3846
Francais802.049v.tif,2500,3852
Francais802.050r.tif,2542,3845
Francais802.050v.tif,2517,3852
Francais802.051r.tif,2535,3851
Francais802.051v.tif,2538,3848
Francais802.052r.tif,2539,3848
Francais802.052v.tif,2511,3851
Francais802.053r.tif,2546,3845
Francais802.053v.tif,2535,3841
Francais802.054r.tif,2549,3848
Francais802.054v.tif,2558,3852
Francais802.055r.tif,2566,3838
Francais802.055v.tif,2548,3845
Francais802.056r.tif,2538,3844
Francais802.056v.tif,2553,3849
Francais802.057r.tif,2525,3841
Francais802.057v.tif,2519,3851
Francais802.058r.tif,2508,3844
Francais802.058v.tif,2515,3852
Francais802.059r.tif,2549,3855
Francais802.059v.tif,2535,3862
Francais802.060r.tif,2575,3842
Francais802.060v.tif,2550,3845
Francais802.061r.tif,2562,3838
Francais802.061v.tif,2536,3841
Francais802.062r.tif,2556,3868
Francais802.062v.tif,2539,3858
Francais802.063r.tif,2549,3844
Francais802.063v.tif,2538,3855
Francais802.064r.tif,2537,3851
Francais802.064v.tif,2528,3857
Francais802.065r.tif,2558,3845
Francais802.065v.tif,2516,3845
Francais802.066r.tif,2550,3838
Francais802.066v.tif,2537,3845
Francais802.067r.tif,2532,3847
Francais802.067v.tif,2507,3848
Francais802.068r.tif,2559,3841
Francais802.068v.tif,2525,3844
Francais802.069r.tif,2560,3832
Francais802.069v.tif,2558,3839
Francais802.070r.tif,2543,3837
Francais802.070v.tif,2517,3855
Francais802.071r.tif,2528,3841
Francais802.071v.tif,2508,3849
Francais802.072r.tif,2525,3835
Francais802.072v.tif,2514,3853
Francais802.073r.tif,2511,3837
Francais802.073v.tif,2500,3849
Francais802.074r.tif,2520,3838
Francais802.074v.tif,2514,3842
Francais802.075r.tif,2535,3852
Francais802.075v.tif,2518,3852
Francais802.076r.tif,2524,3842
Francais802.076v.tif,2538,3844
Francais802.077r.tif,2497,3841
Francais802.077v.tif,2509,3852
Francais802.078r.tif,2531,3855
Francais802.078v.tif,2505,3868
Francais802.079r.tif,2504,3854
Francais802.079v.tif,2487,3864
Francais802.080r.tif,2491,3850
Francais802.080v.tif,2490,3848
Francais802.081r.tif,2499,3841
Francais802.081v.tif,2486,3847
Francais802.082r.tif,2504,3821
Francais802.082v.tif,2473,3835
Francais802.083r.tif,2525,3842
Francais802.083v.tif,2507,3866
Francais802.084r.tif,2509,3848
Francais802.084v.tif,2521,3862
Francais802.085r.tif,2512,3855
Francais802.085v.tif,2562,3858
Francais802.086r.tif,2515,3845
Francais802.086v.tif,2563,3851
Francais802.087r.tif,2510,3825
Francais802.087v.tif,2532,3838
Francais802.088r.tif,2486,3838
Francais802.088v.tif,2485,3846
Francais802.089r.tif,2491,3854
Francais802.089v.tif,2519,3854
Francais802.090r.tif,2491,3834
Francais802.090v.tif,2554,3842
Francais802.091r.tif,2490,3855
Francais802.091v.tif,2537,3855
Francais802.092r.tif,2476,3834
Francais802.092v.tif,2515,3848
Francais802.093r.tif,2483,3847
Francais802.093v.tif,2503,3851
Francais802.094r.tif,2482,3855
Francais802.094v.tif,2491,3855
Francais802.095r.tif,2619,3870
Francais802.095v.tif,2513,3832
Francais802.096r.tif,2500,3838
Francais802.096v.tif,2511,3847
Francais802.097r.tif,2477,3844
Francais802.097v.tif,2524,3844
Francais802.098r.tif,2491,3845
Francais802.098v.tif,2493,3854
Francais802.099r.tif,2625,3858
Francais802.099v.tif,2507,3848
Francais802.100r.tif,2501,3821
Francais802.100v.tif,2553,3841
Francais802.101r.tif,2497,3819
Francais802.101v.tif,2560,3828
Francais802.102r.tif,2486,3842
Francais802.102v.tif,2504,3854
Francais802.103r.tif,2479,3847
Francais802.103v.tif,2503,3846
Francais802.104r.tif,2490,3841
Francais802.104v.tif,2492,3851
Francais802.105r.tif,2504,3848
Francais802.105v.tif,2503,3849
Francais802.106r.tif,2517,3828
Francais802.106v.tif,2493,3832
Francais802.107r.tif,2514,3831
Francais802.107v.tif,2502,3834
Francais802.108r.tif,2493,3836
Francais802.108v.tif,2489,3842
Francais802.109r.tif,2503,3844
Francais802.109v.tif,2504,3849
Francais802.110r.tif,2516,3836
Francais802.110v.tif,2498,3838
Francais802.111r.tif,2523,3838
Francais802.111v.tif,2517,3842
Francais802.112r.tif,2498,3848
Francais802.112v.tif,2507,3855
Francais802.113r.tif,2518,3844
Francais802.113v.tif,2521,3869
Francais802.114r.tif,2506,3851
Francais802.114v.tif,2520,3858
Francais802.115r.tif,2517,3841
Francais802.115v.tif,2510,3851
Francais802.116r.tif,2513,3839
Francais802.116v.tif,2510,3855
Francais802.117r.tif,2512,3838
Francais802.117v.tif,2489,3844
Francais802.118r.tif,2512,3834
Francais802.118v.tif,2479,3838
Francais802.119r.tif,2532,3845
Francais802.119v.tif,2512,3848
Francais802.120r.tif,2506,3838
Francais802.120v.tif,2507,3845
Francais802.121r.tif,2497,3832
Francais802.121v.tif,2515,3844
Francais802.122r.tif,2505,3841
Francais802.122v.tif,2513,3848
Francais802.123r.tif,2509,3848
Francais802.123v.tif,2511,3851
Francais802.124r.tif,2515,3834
Francais802.124v.tif,2514,3838
Francais802.125r.tif,2515,3845
Francais802.125v.tif,2489,3845
Francais802.126r.tif,2486,3845
Francais802.126v.tif,2510,3848
Francais802.127r.tif,2529,3848
Francais802.127v.tif,2479,3851
Francais802.128r.tif,2494,3845
Francais802.128v.tif,2500,3851
Francais802.129r.tif,2515,3848
Francais802.129v.tif,2514,3858
Francais802.130r.tif,2541,3835
Francais802.130v.tif,2483,3841
Francais802.131r.tif,2503,3858
Francais802.131v.tif,2503,3852
Francais802.132r.tif,2522,3841
Francais802.132v.tif,2515,3842
Francais802.133r.tif,2522,3845
Francais802.133v.tif,2517,3849
Francais802.134r.tif,2524,3849
Francais802.134v.tif,2507,3858
Francais802.135r.tif,2540,3839
Francais802.135v.tif,2528,3844
Francais802.136r.tif,2531,3855
Francais802.136v.tif,2522,3861
Francais802.137r.tif,2526,3847
Francais802.137v.tif,2531,3847
Francais802.138r.tif,2548,3848
Francais802.138v.tif,2525,3859
Francais802.139r.tif,2540,3844
Francais802.139v.tif,2525,3843
Francais802.140r.tif,2538,3848
Francais802.140v.tif,2517,3848
Francais802.141r.tif,2528,3844
Francais802.141v.tif,2527,3837
Francais802.142r.tif,2554,3852
Francais802.142v.tif,2525,3856
Francais802.143r.tif,2546,3844
Francais802.143v.tif,2525,3845
Francais802.144r.tif,2530,3831
Francais802.144v.tif,2531,3831
Francais802.145r.tif,2544,3831
Francais802.145v.tif,2532,3833
Francais802.146r.tif,2519,3831
Francais802.146v.tif,2507,3837
Francais802.endmatter.flyleaf.01r.tif,2594,3810
Francais802.endmatter.flyleaf.01v.tif,2567,3809
Francais802.endmatter.flyleaf.02r.tif,2604,3813
Francais802.endmatter.flyleaf.02v.tif,2574,3810
Francais802.endmatter.flyleaf.03r.tif,2611,3831
Francais802.endmatter.flyleaf.03v.tif,2574,3834
Francais802.endmatter.flyleaf.04r.tif,2595,3825
Francais802.endmatter.flyleaf.04v.tif,2602,3831
Francais802.endmatter.pastedown.tif,2771,4007
Francais802.binding.backcover.tif,2850,4024
Francais802.binding.spine.tif,552,3987
Francais802.misc.color.tif,2861,4017
