c_120_b_4_(2)_f001r.tif,BLC120b4.001r.tif
c_120_b_4_(2)_f001v.tif,BLC120b4.001v.tif
c_120_b_4_(2)_f002r.tif,BLC120b4.002r.tif
c_120_b_4_(2)_f002v.tif,BLC120b4.002v.tif
c_120_b_4_(2)_f003r.tif,BLC120b4.003r.tif
c_120_b_4_(2)_f003v.tif,BLC120b4.003v.tif
c_120_b_4_(2)_f004r.tif,BLC120b4.004r.tif
c_120_b_4_(2)_f004v.tif,BLC120b4.004v.tif
c_120_b_4_(2)_f005r.tif,BLC120b4.005r.tif
c_120_b_4_(2)_f005v.tif,BLC120b4.005v.tif
c_120_b_4_(2)_f006r.tif,BLC120b4.006r.tif
c_120_b_4_(2)_f006v.tif,BLC120b4.006v.tif
c_120_b_4_(2)_f007r.tif,BLC120b4.007r.tif
c_120_b_4_(2)_f007v.tif,BLC120b4.007v.tif
c_120_b_4_(2)_f008r.tif,BLC120b4.008r.tif
c_120_b_4_(2)_f008v.tif,BLC120b4.008v.tif
c_120_b_4_(2)_f009r.tif,BLC120b4.009r.tif
c_120_b_4_(2)_f009v.tif,BLC120b4.009v.tif
c_120_b_4_(2)_f010r.tif,BLC120b4.010r.tif
c_120_b_4_(2)_f010v.tif,BLC120b4.010v.tif
c_120_b_4_(2)_f011r.tif,BLC120b4.011r.tif
c_120_b_4_(2)_f011v.tif,BLC120b4.011v.tif
c_120_b_4_(2)_f012r.tif,BLC120b4.012r.tif
c_120_b_4_(2)_f012v.tif,BLC120b4.012v.tif
c_120_b_4_(2)_f013r.tif,BLC120b4.013r.tif
c_120_b_4_(2)_f013v.tif,BLC120b4.013v.tif
c_120_b_4_(2)_f014r.tif,BLC120b4.014r.tif
c_120_b_4_(2)_f014v.tif,BLC120b4.014v.tif
c_120_b_4_(2)_f015r.tif,BLC120b4.015r.tif
c_120_b_4_(2)_f015v.tif,BLC120b4.015v.tif
c_120_b_4_(2)_f016r.tif,BLC120b4.016r.tif
c_120_b_4_(2)_f016v.tif,BLC120b4.016v.tif
c_120_b_4_(2)_f017r.tif,BLC120b4.017r.tif
c_120_b_4_(2)_f017v.tif,BLC120b4.017v.tif
c_120_b_4_(2)_f018r.tif,BLC120b4.018r.tif
c_120_b_4_(2)_f018v.tif,BLC120b4.018v.tif
c_120_b_4_(2)_f019r.tif,BLC120b4.019r.tif
c_120_b_4_(2)_f019v.tif,BLC120b4.019v.tif
c_120_b_4_(2)_f020r.tif,BLC120b4.020r.tif
c_120_b_4_(2)_f020v.tif,BLC120b4.020v.tif
c_120_b_4_(2)_f021r.tif,BLC120b4.021r.tif
c_120_b_4_(2)_f021v.tif,BLC120b4.021v.tif
c_120_b_4_(2)_f022r.tif,BLC120b4.022r.tif
c_120_b_4_(2)_f022v.tif,BLC120b4.022v.tif
c_120_b_4_(2)_f023r.tif,BLC120b4.023r.tif
c_120_b_4_(2)_f023v.tif,BLC120b4.023v.tif
c_120_b_4_(2)_f024r.tif,BLC120b4.024r.tif
c_120_b_4_(2)_f024v.tif,BLC120b4.024v.tif
c_120_b_4_(2)_f025r.tif,BLC120b4.025r.tif
c_120_b_4_(2)_f025v.tif,BLC120b4.025v.tif
c_120_b_4_(2)_f026r.tif,BLC120b4.026r.tif
c_120_b_4_(2)_f026v.tif,BLC120b4.026v.tif
c_120_b_4_(2)_f027r.tif,BLC120b4.027r.tif
c_120_b_4_(2)_f027v.tif,BLC120b4.027v.tif
c_120_b_4_(2)_f028r.tif,BLC120b4.028r.tif
c_120_b_4_(2)_f028v.tif,BLC120b4.028v.tif
c_120_b_4_(2)_f029r.tif,BLC120b4.029r.tif
c_120_b_4_(2)_f029v.tif,BLC120b4.029v.tif
c_120_b_4_(2)_f030r.tif,BLC120b4.030r.tif
c_120_b_4_(2)_f030v.tif,BLC120b4.030v.tif
c_120_b_4_(2)_f031r.tif,BLC120b4.031r.tif
c_120_b_4_(2)_f031v.tif,BLC120b4.031v.tif
c_120_b_4_(2)_f032r.tif,BLC120b4.032r.tif
c_120_b_4_(2)_f032v.tif,BLC120b4.032v.tif
c_120_b_4_(2)_f033r.tif,BLC120b4.033r.tif
c_120_b_4_(2)_f033v.tif,BLC120b4.033v.tif
c_120_b_4_(2)_f034r.tif,BLC120b4.034r.tif
c_120_b_4_(2)_f034v.tif,BLC120b4.034v.tif
c_120_b_4_(2)_f035r.tif,BLC120b4.035r.tif
c_120_b_4_(2)_f035v.tif,BLC120b4.035v.tif
c_120_b_4_(2)_f036r.tif,BLC120b4.036r.tif
c_120_b_4_(2)_f036v.tif,BLC120b4.036v.tif
c_120_b_4_(2)_f037r.tif,BLC120b4.037r.tif
c_120_b_4_(2)_f037v.tif,BLC120b4.037v.tif
c_120_b_4_(2)_f037br.tif,BLC120b4.037r.insert.tif
c_120_b_4_(2)_f037bv.tif,BLC120b4.037v.insert.tif
c_120_b_4_(2)_f038r.tif,BLC120b4.038r.tif
c_120_b_4_(2)_f038v.tif,BLC120b4.038v.tif
c_120_b_4_(2)_f038br.tif,BLC120b4.038r.insert.tif
c_120_b_4_(2)_f038bv.tif,BLC120b4.038v.insert.tif
c_120_b_4_(2)_f039r.tif,BLC120b4.039r.tif
c_120_b_4_(2)_f039v.tif,BLC120b4.039v.tif
c_120_b_4_(2)_f039br.tif,BLC120b4.039r.insert.tif
c_120_b_4_(2)_f039bv.tif,BLC120b4.039v.insert.tif
c_120_b_4_(2)_f040r.tif,BLC120b4.040r.tif
c_120_b_4_(2)_f040v.tif,BLC120b4.040v.tif
c_120_b_4_(2)_f040br.tif,BLC120b4.040r.insert.tif
c_120_b_4_(2)_f040bv.tif,BLC120b4.040v.insert.tif
c_120_b_4_(2)_f041r.tif,BLC120b4.041r.tif
c_120_b_4_(2)_f041v.tif,BLC120b4.041v.tif
c_120_b_4_(2)_f041br.tif,BLC120b4.041r.insert.tif
c_120_b_4_(2)_f041bv.tif,BLC120b4.041v.insert.tif
c_120_b_4_(2)_f042r.tif,BLC120b4.042r.tif
c_120_b_4_(2)_f042v.tif,BLC120b4.042v.tif
c_120_b_4_(2)_f042br.tif,BLC120b4.042r.insert.tif
c_120_b_4_(2)_f042bv.tif,BLC120b4.042v.insert.tif
c_120_b_4_(2)_f043r.tif,BLC120b4.043r.tif
c_120_b_4_(2)_f043v.tif,BLC120b4.043v.tif
c_120_b_4_(2)_f043br.tif,BLC120b4.043r.insert.tif
c_120_b_4_(2)_f043bv.tif,BLC120b4.043v.insert.tif
c_120_b_4_(2)_f044r.tif,BLC120b4.044r.tif
c_120_b_4_(2)_f044v.tif,BLC120b4.044v.tif
c_120_b_4_(2)_f044br.tif,BLC120b4.044r.insert.tif
c_120_b_4_(2)_f044bv.tif,BLC120b4.044v.insert.tif
c_120_b_4_(2)_f045r.tif,BLC120b4.045r.tif
c_120_b_4_(2)_f045v.tif,BLC120b4.045v.tif
c_120_b_4_(2)_f045br.tif,BLC120b4.045r.insert.tif
c_120_b_4_(2)_f045bv.tif,BLC120b4.045v.insert.tif
c_120_b_4_(2)_f046r.tif,BLC120b4.046r.tif
c_120_b_4_(2)_f046v.tif,BLC120b4.046v.tif
c_120_b_4_(2)_f046br.tif,BLC120b4.046r.insert.tif
c_120_b_4_(2)_f046bv.tif,BLC120b4.046v.insert.tif
c_120_b_4_(2)_f047r.tif,BLC120b4.047r.tif
c_120_b_4_(2)_f047v.tif,BLC120b4.047v.tif
c_120_b_4_(2)_f048r.tif,BLC120b4.048r.tif
c_120_b_4_(2)_f048v.tif,BLC120b4.048v.tif
c_120_b_4_(2)_f048br.tif,BLC120b4.048r.insert.tif
c_120_b_4_(2)_f048bv.tif,BLC120b4.048v.insert.tif
c_120_b_4_(2)_f049r.tif,BLC120b4.049r.tif
c_120_b_4_(2)_f049v.tif,BLC120b4.049v.tif
c_120_b_4_(2)_f049br.tif,BLC120b4.049r.insert.tif
c_120_b_4_(2)_f049bv.tif,BLC120b4.049v.insert.tif
c_120_b_4_(2)_f050r.tif,BLC120b4.050r.tif
c_120_b_4_(2)_f050v.tif,BLC120b4.050v.tif
c_120_b_4_(2)_f050br.tif,BLC120b4.050r.insert.tif
c_120_b_4_(2)_f050bv.tif,BLC120b4.050v.insert.tif
c_120_b_4_(2)_f051r.tif,BLC120b4.051r.tif
c_120_b_4_(2)_f051v.tif,BLC120b4.051v.tif
c_120_b_4_(2)_f051br.tif,BLC120b4.051r.insert.tif
c_120_b_4_(2)_f051bv.tif,BLC120b4.051v.insert.tif
c_120_b_4_(2)_f052r.tif,BLC120b4.052r.tif
c_120_b_4_(2)_f052v.tif,BLC120b4.052v.tif
c_120_b_4_(2)_f052br.tif,BLC120b4.052r.insert.tif
c_120_b_4_(2)_f052bv.tif,BLC120b4.052v.insert.tif
c_120_b_4_(2)_f053r.tif,BLC120b4.053r.tif
c_120_b_4_(2)_f053v.tif,BLC120b4.053v.tif
c_120_b_4_(2)_f053br.tif,BLC120b4.053r.insert.tif
c_120_b_4_(2)_f053bv.tif,BLC120b4.053v.insert.tif
c_120_b_4_(2)_f054r.tif,BLC120b4.054r.tif
c_120_b_4_(2)_f054v.tif,BLC120b4.054v.tif
c_120_b_4_(2)_f055r.tif,BLC120b4.055r.tif
c_120_b_4_(2)_f055v.tif,BLC120b4.055v.tif
c_120_b_4_(2)_f056r.tif,BLC120b4.056r.tif
c_120_b_4_(2)_f056v.tif,BLC120b4.056v.tif
c_120_b_4_(2)_f057r.tif,BLC120b4.057r.tif
c_120_b_4_(2)_f057v.tif,BLC120b4.057v.tif
c_120_b_4_(2)_f058r.tif,BLC120b4.058r.tif
c_120_b_4_(2)_f058v.tif,BLC120b4.058v.tif
c_120_b_4_(2)_f059r.tif,BLC120b4.059r.tif
c_120_b_4_(2)_f059v.tif,BLC120b4.059v.tif
c_120_b_4_(2)_f059br.tif,BLC120b4.059r.insert.tif
c_120_b_4_(2)_f059bv.tif,BLC120b4.059v.insert.tif
c_120_b_4_(2)_f060r.tif,BLC120b4.060r.tif
c_120_b_4_(2)_f060v.tif,BLC120b4.060v.tif
c_120_b_4_(2)_f060br.tif,BLC120b4.060r.insert.tif
c_120_b_4_(2)_f060bv.tif,BLC120b4.060v.insert.tif
c_120_b_4_(2)_f061r.tif,BLC120b4.061r.tif
c_120_b_4_(2)_f061v.tif,BLC120b4.061v.tif
c_120_b_4_(2)_f062r.tif,BLC120b4.062r.tif
c_120_b_4_(2)_f062v.tif,BLC120b4.062v.tif
c_120_b_4_(2)_f063r.tif,BLC120b4.063r.tif
c_120_b_4_(2)_f063v.tif,BLC120b4.063v.tif
c_120_b_4_(2)_f064r.tif,BLC120b4.064r.tif
c_120_b_4_(2)_f064v.tif,BLC120b4.064v.tif
c_120_b_4_(2)_f065r.tif,BLC120b4.065r.tif
c_120_b_4_(2)_f065v.tif,BLC120b4.065v.tif
c_120_b_4_(2)_f065br.tif,BLC120b4.065r.insert.tif
c_120_b_4_(2)_f065bv.tif,BLC120b4.065v.insert.tif
c_120_b_4_(2)_f066r.tif,BLC120b4.066r.tif
c_120_b_4_(2)_f066v.tif,BLC120b4.066v.tif
c_120_b_4_(2)_f067r.tif,BLC120b4.067r.tif
c_120_b_4_(2)_f067v.tif,BLC120b4.067v.tif
c_120_b_4_(2)_f068r.tif,BLC120b4.068r.tif
c_120_b_4_(2)_f068v.tif,BLC120b4.068v.tif
c_120_b_4_(2)_f069r.tif,BLC120b4.069r.tif
c_120_b_4_(2)_f069v.tif,BLC120b4.069v.tif
c_120_b_4_(2)_f070r.tif,BLC120b4.070r.tif
c_120_b_4_(2)_f070v.tif,BLC120b4.070v.tif
c_120_b_4_(2)_f071r.tif,BLC120b4.071r.tif
c_120_b_4_(2)_f071v.tif,BLC120b4.071v.tif
c_120_b_4_(2)_f072r.tif,BLC120b4.072r.tif
c_120_b_4_(2)_f072v.tif,BLC120b4.072v.tif
c_120_b_4_(2)_f073r.tif,BLC120b4.073r.tif
c_120_b_4_(2)_f073v.tif,BLC120b4.073v.tif
c_120_b_4_(2)_f074r.tif,BLC120b4.074r.tif
c_120_b_4_(2)_f074v.tif,BLC120b4.074v.tif
c_120_b_4_(2)_f075r.tif,BLC120b4.075r.tif
c_120_b_4_(2)_f075v.tif,BLC120b4.075v.tif
c_120_b_4_(2)_f076r.tif,BLC120b4.076r.tif
c_120_b_4_(2)_f076v.tif,BLC120b4.076v.tif
c_120_b_4_(2)_f077r.tif,BLC120b4.077r.tif
c_120_b_4_(2)_f077v.tif,BLC120b4.077v.tif
c_120_b_4_(2)_f078r.tif,BLC120b4.078r.tif
c_120_b_4_(2)_f078v.tif,BLC120b4.078v.tif
c_120_b_4_(2)_f079r.tif,BLC120b4.079r.tif
c_120_b_4_(2)_f079v.tif,BLC120b4.079v.tif
c_120_b_4_(2)_f080r.tif,BLC120b4.080r.tif
c_120_b_4_(2)_f080v.tif,BLC120b4.080v.tif
c_120_b_4_(2)_f081r.tif,BLC120b4.081r.tif
c_120_b_4_(2)_f081v.tif,BLC120b4.081v.tif
c_120_b_4_(2)_f082r.tif,BLC120b4.082r.tif
c_120_b_4_(2)_f082v.tif,BLC120b4.082v.tif
c_120_b_4_(2)_f083r.tif,BLC120b4.083r.tif
c_120_b_4_(2)_f083v.tif,BLC120b4.083v.tif
c_120_b_4_(2)_f084r.tif,BLC120b4.084r.tif
c_120_b_4_(2)_f084v.tif,BLC120b4.084v.tif
c_120_b_4_(2)_f085r.tif,BLC120b4.085r.tif
c_120_b_4_(2)_f085v.tif,BLC120b4.085v.tif
c_120_b_4_(2)_f086r.tif,BLC120b4.086r.tif
c_120_b_4_(2)_f086v.tif,BLC120b4.086v.tif
c_120_b_4_(2)_f087r.tif,BLC120b4.087r.tif
c_120_b_4_(2)_f087v.tif,BLC120b4.087v.tif
c_120_b_4_(2)_f088r.tif,BLC120b4.088r.tif
c_120_b_4_(2)_f088v.tif,BLC120b4.088v.tif
c_120_b_4_(2)_f089r.tif,BLC120b4.089r.tif
c_120_b_4_(2)_f089v.tif,BLC120b4.089v.tif
c_120_b_4_(2)_f090r.tif,BLC120b4.090r.tif
c_120_b_4_(2)_f090v.tif,BLC120b4.090v.tif
c_120_b_4_(2)_f091r.tif,BLC120b4.091r.tif
c_120_b_4_(2)_f091v.tif,BLC120b4.091v.tif
c_120_b_4_(2)_f092r.tif,BLC120b4.092r.tif
c_120_b_4_(2)_f092v.tif,BLC120b4.092v.tif
c_120_b_4_(2)_f093r.tif,BLC120b4.093r.tif
c_120_b_4_(2)_f093v.tif,BLC120b4.093v.tif
c_120_b_4_(2)_f094r.tif,BLC120b4.094r.tif
c_120_b_4_(2)_f094v.tif,BLC120b4.094v.tif
c_120_b_4_(2)_f095r.tif,BLC120b4.095r.tif
c_120_b_4_(2)_f095v.tif,BLC120b4.095v.tif
c_120_b_4_(2)_f096r.tif,BLC120b4.096r.tif
c_120_b_4_(2)_f096v.tif,BLC120b4.096v.tif
c_120_b_4_(2)_f097r.tif,BLC120b4.097r.tif
c_120_b_4_(2)_f097v.tif,BLC120b4.097v.tif
c_120_b_4_(2)_f098r.tif,BLC120b4.098r.tif
c_120_b_4_(2)_f098v.tif,BLC120b4.098v.tif
c_120_b_4_(2)_f099r.tif,BLC120b4.099r.tif
c_120_b_4_(2)_f099v.tif,BLC120b4.099v.tif
c_120_b_4_(2)_f100r.tif,BLC120b4.100r.tif
c_120_b_4_(2)_f100v.tif,BLC120b4.100v.tif
c_120_b_4_(2)_f101r.tif,BLC120b4.101r.tif
c_120_b_4_(2)_f101v.tif,BLC120b4.101v.tif
c_120_b_4_(2)_f102r.tif,BLC120b4.102r.tif
c_120_b_4_(2)_f102v.tif,BLC120b4.102v.tif
c_120_b_4_(2)_f103r.tif,BLC120b4.103r.tif
c_120_b_4_(2)_f103v.tif,BLC120b4.103v.tif
c_120_b_4_(2)_f104r.tif,BLC120b4.104r.tif
c_120_b_4_(2)_f104v.tif,BLC120b4.104v.tif
c_120_b_4_(2)_f105r.tif,BLC120b4.105r.tif
c_120_b_4_(2)_f105v.tif,BLC120b4.105v.tif
c_120_b_4_(2)_f106r.tif,BLC120b4.106r.tif
c_120_b_4_(2)_f106v.tif,BLC120b4.106v.tif
c_120_b_4_(2)_f107r.tif,BLC120b4.107r.tif
c_120_b_4_(2)_f107v.tif,BLC120b4.107v.tif
c_120_b_4_(2)_f108r.tif,BLC120b4.108r.tif
c_120_b_4_(2)_f108v.tif,BLC120b4.108v.tif
c_120_b_4_(2)_f109r.tif,BLC120b4.109r.tif
c_120_b_4_(2)_f109v.tif,BLC120b4.109v.tif
c_120_b_4_(2)_f110r.tif,BLC120b4.110r.tif
c_120_b_4_(2)_f110v.tif,BLC120b4.110v.tif
c_120_b_4_(2)_f111r.tif,BLC120b4.111r.tif
c_120_b_4_(2)_f111v.tif,BLC120b4.111v.tif
c_120_b_4_(2)_f112r.tif,BLC120b4.112r.tif
c_120_b_4_(2)_f112v.tif,BLC120b4.112v.tif
c_120_b_4_(2)_f113r.tif,BLC120b4.113r.tif
c_120_b_4_(2)_f113v.tif,BLC120b4.113v.tif
c_120_b_4_(2)_f114r.tif,BLC120b4.114r.tif
c_120_b_4_(2)_f114v.tif,BLC120b4.114v.tif
c_120_b_4_(2)_f115r.tif,BLC120b4.115r.tif
c_120_b_4_(2)_f115v.tif,BLC120b4.115v.tif
c_120_b_4_(2)_f116r.tif,BLC120b4.116r.tif
c_120_b_4_(2)_f116v.tif,BLC120b4.116v.tif
c_120_b_4_(2)_f117r.tif,BLC120b4.117r.tif
c_120_b_4_(2)_f117v.tif,BLC120b4.117v.tif
c_120_b_4_(2)_f118r.tif,BLC120b4.118r.tif
c_120_b_4_(2)_f118v.tif,BLC120b4.118v.tif
c_120_b_4_(2)_f119r.tif,BLC120b4.119r.tif
c_120_b_4_(2)_f119v.tif,BLC120b4.119v.tif
c_120_b_4_(2)_f120r.tif,BLC120b4.120r.tif
c_120_b_4_(2)_f120v.tif,BLC120b4.120v.tif
c_120_b_4_(2)_f121r.tif,BLC120b4.121r.tif
c_120_b_4_(2)_f121v.tif,BLC120b4.121v.tif
c_120_b_4_(2)_f122r.tif,BLC120b4.122r.tif
c_120_b_4_(2)_f122v.tif,BLC120b4.122v.tif
c_120_b_4_(2)_f123r.tif,BLC120b4.123r.tif
c_120_b_4_(2)_f123v.tif,BLC120b4.123v.tif
c_120_b_4_(2)_f124r.tif,BLC120b4.124r.tif
c_120_b_4_(2)_f124v.tif,BLC120b4.124v.tif
c_120_b_4_(2)_f125r.tif,BLC120b4.125r.tif
c_120_b_4_(2)_f125v.tif,BLC120b4.125v.tif
c_120_b_4_(2)_f126r.tif,BLC120b4.126r.tif
c_120_b_4_(2)_f126v.tif,BLC120b4.126v.tif
c_120_b_4_(2)_f127r.tif,BLC120b4.127r.tif
c_120_b_4_(2)_f127v.tif,BLC120b4.127v.tif
c_120_b_4_(2)_f128r.tif,BLC120b4.128r.tif
c_120_b_4_(2)_f128v.tif,BLC120b4.128v.tif
c_120_b_4_(2)_f129r.tif,BLC120b4.129r.tif
c_120_b_4_(2)_f129v.tif,BLC120b4.129v.tif
c_120_b_4_(2)_f130r.tif,BLC120b4.130r.tif
c_120_b_4_(2)_f130v.tif,BLC120b4.130v.tif
c_120_b_4_(2)_f131r.tif,BLC120b4.131r.tif
c_120_b_4_(2)_f131v.tif,BLC120b4.131v.tif
c_120_b_4_(2)_f132r.tif,BLC120b4.132r.tif
c_120_b_4_(2)_f132v.tif,BLC120b4.132v.tif
c_120_b_4_(2)_f133r.tif,BLC120b4.133r.tif
c_120_b_4_(2)_f133v.tif,BLC120b4.133v.tif
c_120_b_4_(2)_f134r.tif,BLC120b4.134r.tif
c_120_b_4_(2)_f134v.tif,BLC120b4.134v.tif
c_120_b_4_(2)_f135r.tif,BLC120b4.135r.tif
c_120_b_4_(2)_f135v.tif,BLC120b4.135v.tif
c_120_b_4_(2)_f136r.tif,BLC120b4.136r.tif
c_120_b_4_(2)_f136v.tif,BLC120b4.136v.tif
c_120_b_4_(2)_f137r.tif,BLC120b4.137r.tif
c_120_b_4_(2)_f137v.tif,BLC120b4.137v.tif
c_120_b_4_(2)_f138r.tif,BLC120b4.138r.tif
c_120_b_4_(2)_f138v.tif,BLC120b4.138v.tif
c_120_b_4_(2)_f139r.tif,BLC120b4.139r.tif
c_120_b_4_(2)_f139v.tif,BLC120b4.139v.tif
c_120_b_4_(2)_f140r.tif,BLC120b4.140r.tif
c_120_b_4_(2)_f140v.tif,BLC120b4.140v.tif
c_120_b_4_(2)_f141r.tif,BLC120b4.141r.tif
c_120_b_4_(2)_f141v.tif,BLC120b4.141v.tif
c_120_b_4_(2)_f142r.tif,BLC120b4.142r.tif
c_120_b_4_(2)_f142v.tif,BLC120b4.142v.tif
c_120_b_4_(2)_f143r.tif,BLC120b4.143r.tif
c_120_b_4_(2)_f143v.tif,BLC120b4.143v.tif
c_120_b_4_(2)_f144r.tif,BLC120b4.144r.tif
c_120_b_4_(2)_f144v.tif,BLC120b4.144v.tif
c_120_b_4_(2)_f145r.tif,BLC120b4.145r.tif
c_120_b_4_(2)_f145v.tif,BLC120b4.145v.tif
c_120_b_4_(2)_f146r.tif,BLC120b4.146r.tif
c_120_b_4_(2)_f146v.tif,BLC120b4.146v.tif
c_120_b_4_(2)_f147r.tif,BLC120b4.147r.tif
c_120_b_4_(2)_f147v.tif,BLC120b4.147v.tif
c_120_b_4_(2)_f148r.tif,BLC120b4.148r.tif
c_120_b_4_(2)_f148v.tif,BLC120b4.148v.tif
c_120_b_4_(2)_f149r.tif,BLC120b4.149r.tif
c_120_b_4_(2)_f149v.tif,BLC120b4.149v.tif
c_120_b_4_(2)_f150r.tif,BLC120b4.150r.tif
c_120_b_4_(2)_f150v.tif,BLC120b4.150v.tif
c_120_b_4_(2)_f151r.tif,BLC120b4.151r.tif
c_120_b_4_(2)_f151v.tif,BLC120b4.151v.tif
c_120_b_4_(2)_f152r.tif,BLC120b4.152r.tif
c_120_b_4_(2)_f152v.tif,BLC120b4.152v.tif
c_120_b_4_(2)_f153r.tif,BLC120b4.153r.tif
c_120_b_4_(2)_f153v.tif,BLC120b4.153v.tif
c_120_b_4_(2)_f154r.tif,BLC120b4.154r.tif
c_120_b_4_(2)_f154v.tif,BLC120b4.154v.tif
c_120_b_4_(2)_f155r.tif,BLC120b4.155r.tif
c_120_b_4_(2)_f155v.tif,BLC120b4.155v.tif
c_120_b_4_(2)_f156r.tif,BLC120b4.156r.tif
c_120_b_4_(2)_f156v.tif,BLC120b4.156v.tif
c_120_b_4_(2)_f157r.tif,BLC120b4.157r.tif
c_120_b_4_(2)_f157v.tif,BLC120b4.157v.tif
c_120_b_4_(2)_f158r.tif,BLC120b4.158r.tif
c_120_b_4_(2)_f158v.tif,BLC120b4.158v.tif
c_120_b_4_(2)_f159r.tif,BLC120b4.159r.tif
c_120_b_4_(2)_f159v.tif,BLC120b4.159v.tif
c_120_b_4_(2)_f160r.tif,BLC120b4.160r.tif
c_120_b_4_(2)_f160v.tif,BLC120b4.160v.tif
c_120_b_4_(2)_f161r.tif,BLC120b4.161r.tif
c_120_b_4_(2)_f161v.tif,BLC120b4.161v.tif
c_120_b_4_(2)_f162r.tif,BLC120b4.162r.tif
c_120_b_4_(2)_f162v.tif,BLC120b4.162v.tif
c_120_b_4_(2)_f163r.tif,BLC120b4.163r.tif
c_120_b_4_(2)_f163v.tif,BLC120b4.163v.tif
c_120_b_4_(2)_f164r.tif,BLC120b4.164r.tif
c_120_b_4_(2)_f164v.tif,BLC120b4.164v.tif
c_120_b_4_(2)_f165r.tif,BLC120b4.165r.tif
c_120_b_4_(2)_f165v.tif,BLC120b4.165v.tif
c_120_b_4_(2)_f166r.tif,BLC120b4.166r.tif
c_120_b_4_(2)_f166v.tif,BLC120b4.166v.tif
c_120_b_4_(2)_f167r.tif,BLC120b4.167r.tif
c_120_b_4_(2)_f167v.tif,BLC120b4.167v.tif
c_120_b_4_(2)_f168r.tif,BLC120b4.168r.tif
c_120_b_4_(2)_f168v.tif,BLC120b4.168v.tif
c_120_b_4_(2)_f169r.tif,BLC120b4.169r.tif
c_120_b_4_(2)_f169v.tif,BLC120b4.169v.tif
c_120_b_4_(2)_f170r.tif,BLC120b4.170r.tif
c_120_b_4_(2)_f170v.tif,BLC120b4.170v.tif
c_120_b_4_(2)_f171r.tif,BLC120b4.171r.tif
c_120_b_4_(2)_f171v.tif,BLC120b4.171v.tif
c_120_b_4_(2)_f172r.tif,BLC120b4.172r.tif
c_120_b_4_(2)_f172v.tif,BLC120b4.172v.tif
c_120_b_4_(2)_f173r.tif,BLC120b4.173r.tif
c_120_b_4_(2)_f173v.tif,BLC120b4.173v.tif
c_120_b_4_(2)_f174r.tif,BLC120b4.174r.tif
c_120_b_4_(2)_f174v.tif,BLC120b4.174v.tif
c_120_b_4_(2)_f175r.tif,BLC120b4.175r.tif
c_120_b_4_(2)_f175v.tif,BLC120b4.175v.tif
c_120_b_4_(2)_f176r.tif,BLC120b4.176r.tif
c_120_b_4_(2)_f176v.tif,BLC120b4.176v.tif
c_120_b_4_(2)_f177r.tif,BLC120b4.177r.tif
c_120_b_4_(2)_f177v.tif,BLC120b4.177v.tif
c_120_b_4_(2)_f178r.tif,BLC120b4.178r.tif
c_120_b_4_(2)_f178v.tif,BLC120b4.178v.tif
c_120_b_4_(2)_f179r.tif,BLC120b4.179r.tif
c_120_b_4_(2)_f179v.tif,BLC120b4.179v.tif
c_120_b_4_(2)_f180r.tif,BLC120b4.180r.tif
c_120_b_4_(2)_f180v.tif,BLC120b4.180v.tif
c_120_b_4_(2)_f181r.tif,BLC120b4.181r.tif
c_120_b_4_(2)_f181v.tif,BLC120b4.181v.tif
c_120_b_4_(2)_f182r.tif,BLC120b4.182r.tif
c_120_b_4_(2)_f182v.tif,BLC120b4.182v.tif
c_120_b_4_(2)_f183r.tif,BLC120b4.183r.tif
c_120_b_4_(2)_f183v.tif,BLC120b4.183v.tif
c_120_b_4_(2)_f184r.tif,BLC120b4.184r.tif
c_120_b_4_(2)_f184v.tif,BLC120b4.184v.tif
c_120_b_4_(2)_f185r.tif,BLC120b4.185r.tif
c_120_b_4_(2)_f185v.tif,BLC120b4.185v.tif
c_120_b_4_(2)_f186r.tif,BLC120b4.186r.tif
c_120_b_4_(2)_f186v.tif,BLC120b4.186v.tif
c_120_b_4_(2)_f187r.tif,BLC120b4.187r.tif
c_120_b_4_(2)_f187v.tif,BLC120b4.187v.tif
c_120_b_4_(2)_f188r.tif,BLC120b4.188r.tif
c_120_b_4_(2)_f188v.tif,BLC120b4.188v.tif
c_120_b_4_(2)_f189r.tif,BLC120b4.189r.tif
c_120_b_4_(2)_f189v.tif,BLC120b4.189v.tif
c_120_b_4_(2)_f190r.tif,BLC120b4.190r.tif
c_120_b_4_(2)_f190v.tif,BLC120b4.190v.tif
c_120_b_4_(2)_f191r.tif,BLC120b4.191r.tif
c_120_b_4_(2)_f191v.tif,BLC120b4.191v.tif
c_120_b_4_(2)_f192r.tif,BLC120b4.192r.tif
c_120_b_4_(2)_f192v.tif,BLC120b4.192v.tif
c_120_b_4_(2)_f193r.tif,BLC120b4.193r.tif
c_120_b_4_(2)_f193v.tif,BLC120b4.193v.tif
c_120_b_4_(2)_f194r.tif,BLC120b4.194r.tif
c_120_b_4_(2)_f194v.tif,BLC120b4.194v.tif
c_120_b_4_(2)_f195r.tif,BLC120b4.195r.tif
c_120_b_4_(2)_f195v.tif,BLC120b4.195v.tif
c_120_b_4_(2)_f196r.tif,BLC120b4.196r.tif
c_120_b_4_(2)_f196v.tif,BLC120b4.196v.tif
c_120_b_4_(2)_f197r.tif,BLC120b4.197r.tif
c_120_b_4_(2)_f197v.tif,BLC120b4.197v.tif
c_120_b_4_(2)_f198r.tif,BLC120b4.198r.tif
c_120_b_4_(2)_f198v.tif,BLC120b4.198v.tif
c_120_b_4_(2)_f199r.tif,BLC120b4.199r.tif
c_120_b_4_(2)_f199v.tif,BLC120b4.199v.tif
c_120_b_4_(2)_f200r.tif,BLC120b4.200r.tif
c_120_b_4_(2)_f200v.tif,BLC120b4.200v.tif
c_120_b_4_(2)_f201r.tif,BLC120b4.201r.tif
c_120_b_4_(2)_f201v.tif,BLC120b4.201v.tif
c_120_b_4_(2)_f202r.tif,BLC120b4.202r.tif
c_120_b_4_(2)_f202v.tif,BLC120b4.202v.tif
c_120_b_4_(2)_f203r.tif,BLC120b4.203r.tif
c_120_b_4_(2)_f203v.tif,BLC120b4.203v.tif
c_120_b_4_(2)_f204r.tif,BLC120b4.204r.tif
c_120_b_4_(2)_f204v.tif,BLC120b4.204v.tif
c_120_b_4_(2)_f205r.tif,BLC120b4.205r.tif
c_120_b_4_(2)_f205v.tif,BLC120b4.205v.tif
c_120_b_4_(2)_f206r.tif,BLC120b4.206r.tif
c_120_b_4_(2)_f206v.tif,BLC120b4.206v.tif
c_120_b_4_(2)_f207r.tif,BLC120b4.207r.tif
c_120_b_4_(2)_f207v.tif,BLC120b4.207v.tif
c_120_b_4_(2)_f208r.tif,BLC120b4.208r.tif
c_120_b_4_(2)_f208v.tif,BLC120b4.208v.tif
c_120_b_4_(2)_f209r.tif,BLC120b4.209r.tif
c_120_b_4_(2)_f209v.tif,BLC120b4.209v.tif
c_120_b_4_(2)_f210r.tif,BLC120b4.210r.tif
c_120_b_4_(2)_f210v.tif,BLC120b4.210v.tif
c_120_b_4_(2)_f211r.tif,BLC120b4.211r.tif
c_120_b_4_(2)_f211v.tif,BLC120b4.211v.tif
c_120_b_4_(2)_f212r.tif,BLC120b4.212r.tif
c_120_b_4_(2)_f212v.tif,BLC120b4.212v.tif
c_120_b_4_(2)_f213r.tif,BLC120b4.213r.tif
c_120_b_4_(2)_f213v.tif,BLC120b4.213v.tif
c_120_b_4_(2)_f214r.tif,BLC120b4.214r.tif
c_120_b_4_(2)_f214v.tif,BLC120b4.214v.tif
c_120_b_4_(2)_f215r.tif,BLC120b4.215r.tif
c_120_b_4_(2)_f215v.tif,BLC120b4.215v.tif
c_120_b_4_(2)_f216r.tif,BLC120b4.216r.tif
c_120_b_4_(2)_f216v.tif,BLC120b4.216v.tif
c_120_b_4_(2)_f217r.tif,BLC120b4.217r.tif
c_120_b_4_(2)_f217v.tif,BLC120b4.217v.tif
c_120_b_4_(2)_f218r.tif,BLC120b4.218r.tif
c_120_b_4_(2)_f218v.tif,BLC120b4.218v.tif
c_120_b_4_(2)_f219r.tif,BLC120b4.219r.tif
c_120_b_4_(2)_f219v.tif,BLC120b4.219v.tif
c_120_b_4_(2)_f220r.tif,BLC120b4.220r.tif
c_120_b_4_(2)_f220v.tif,BLC120b4.220v.tif
c_120_b_4_(2)_f221r.tif,BLC120b4.221r.tif
c_120_b_4_(2)_f221v.tif,BLC120b4.221v.tif
c_120_b_4_(2)_f222r.tif,BLC120b4.222r.tif
c_120_b_4_(2)_f222v.tif,BLC120b4.222v.tif
c_120_b_4_(2)_f223r.tif,BLC120b4.223r.tif
c_120_b_4_(2)_f223v.tif,BLC120b4.223v.tif
c_120_b_4_(2)_f224r.tif,BLC120b4.224r.tif
c_120_b_4_(2)_f224v.tif,BLC120b4.224v.tif
c_120_b_4_(2)_f225r.tif,BLC120b4.225r.tif
c_120_b_4_(2)_f225v.tif,BLC120b4.225v.tif
c_120_b_4_(2)_f226r.tif,BLC120b4.226r.tif
c_120_b_4_(2)_f226v.tif,BLC120b4.226v.tif
c_120_b_4_(2)_f227r.tif,BLC120b4.227r.tif
c_120_b_4_(2)_f227v.tif,BLC120b4.227v.tif
c_120_b_4_(2)_f228r.tif,BLC120b4.228r.tif
c_120_b_4_(2)_f228v.tif,BLC120b4.228v.tif
c_120_b_4_(2)_f229r.tif,BLC120b4.229r.tif
c_120_b_4_(2)_f229v.tif,BLC120b4.229v.tif
c_120_b_4_(2)_f230r.tif,BLC120b4.230r.tif
c_120_b_4_(2)_f230v.tif,BLC120b4.230v.tif
c_120_b_4_(2)_f231r.tif,BLC120b4.231r.tif
c_120_b_4_(2)_f231v.tif,BLC120b4.231v.tif
c_120_b_4_(2)_f232r.tif,BLC120b4.232r.tif
c_120_b_4_(2)_f232v.tif,BLC120b4.232v.tif
c_120_b_4_(2)_f233r.tif,BLC120b4.233r.tif
c_120_b_4_(2)_f233v.tif,BLC120b4.233v.tif
c_120_b_4_(2)_f234r.tif,BLC120b4.234r.tif
c_120_b_4_(2)_f234v.tif,BLC120b4.234v.tif
c_120_b_4_(2)_f235r.tif,BLC120b4.235r.tif
c_120_b_4_(2)_f235v.tif,BLC120b4.235v.tif
c_120_b_4_(2)_f236r.tif,BLC120b4.236r.tif
c_120_b_4_(2)_f236v.tif,BLC120b4.236v.tif
c_120_b_4_(2)_f237r.tif,BLC120b4.237r.tif
c_120_b_4_(2)_f237v.tif,BLC120b4.237v.tif
c_120_b_4_(2)_f238r.tif,BLC120b4.238r.tif
c_120_b_4_(2)_f238v.tif,BLC120b4.238v.tif
c_120_b_4_(2)_f239r.tif,BLC120b4.239r.tif
c_120_b_4_(2)_f239v.tif,BLC120b4.239v.tif
c_120_b_4_(2)_f240r.tif,BLC120b4.240r.tif
c_120_b_4_(2)_f240v.tif,BLC120b4.240v.tif
c_120_b_4_(2)_f241r.tif,BLC120b4.241r.tif
c_120_b_4_(2)_f241v.tif,BLC120b4.241v.tif
c_120_b_4_(2)_f242r.tif,BLC120b4.242r.tif
c_120_b_4_(2)_f242v.tif,BLC120b4.242v.tif
c_120_b_4_(2)_f243r.tif,BLC120b4.243r.tif
c_120_b_4_(2)_f243v.tif,BLC120b4.243v.tif
c_120_b_4_(2)_f244r.tif,BLC120b4.244r.tif
c_120_b_4_(2)_f244v.tif,BLC120b4.244v.tif
c_120_b_4_(2)_f245r.tif,BLC120b4.245r.tif
c_120_b_4_(2)_f245v.tif,BLC120b4.245v.tif
c_120_b_4_(2)_f246r.tif,BLC120b4.246r.tif
c_120_b_4_(2)_f246v.tif,BLC120b4.246v.tif
c_120_b_4_(2)_f247r.tif,BLC120b4.247r.tif
c_120_b_4_(2)_f247v.tif,BLC120b4.247v.tif
c_120_b_4_(2)_fs001r.tif,BLC120b4.frontmatter.flyleaf.001r.tif
c_120_b_4_(2)_fs001v.tif,BLC120b4.frontmatter.flyleaf.001v.tif
c_120_b_4_(2)_fs002r.tif,BLC120b4.frontmatter.flyleaf.002r.tif
c_120_b_4_(2)_fs002v.tif,BLC120b4.frontmatter.flyleaf.002v.tif
