Francais24436.081r.tif,Francais24436.076r.tif
Francais24436.081v.tif,Francais24436.076v.tif
Francais24436.082r.tif,Francais24436.077r.tif
Francais24436.082v.tif,Francais24436.077v.tif
Francais24436.083r.tif,Francais24436.078r.tif
Francais24436.083v.tif,Francais24436.078v.tif
Francais24436.084r.tif,Francais24436.079r.tif
Francais24436.084v.tif,Francais24436.079v.tif
Francais24436.085r.tif,Francais24436.080r.tif
Francais24436.085v.tif,Francais24436.080v.tif
Francais24436.086r.tif,Francais24436.081r.tif
Francais24436.086v.tif,Francais24436.081v.tif
Francais24436.087r.tif,Francais24436.082r.tif
Francais24436.087v.tif,Francais24436.082v.tif
Francais24436.088r.tif,Francais24436.083r.tif
Francais24436.088v.tif,Francais24436.083v.tif
Francais24436.089r.tif,Francais24436.084r.tif
Francais24436.089v.tif,Francais24436.084v.tif
Francais24436.090r.tif,Francais24436.085r.tif
Francais24436.090v.tif,Francais24436.085v.tif
Francais24436.091r.tif,Francais24436.086r.tif
Francais24436.091v.tif,Francais24436.086v.tif 
Francais24436.092r.tif,Francais24436.087r.tif 
Francais24436.092v.tif,Francais24436.087v.tif 
Francais24436.093r.tif,Francais24436.088r.tif 
Francais24436.093v.tif,Francais24436.088v.tif 
Francais24436.094r.tif,Francais24436.089r.tif 
Francais24436.094v.tif,Francais24436.089v.tif 
Francais24436.095r.tif,Francais24436.090r.tif 
Francais24436.095v.tif,Francais24436.090v.tif 
Francais24436.096r.tif,Francais24436.091r.tif 
Francais24436.096v.tif,Francais24436.091v.tif 
Francais24436.097r.tif,Francais24436.092r.tif 
Francais24436.097v.tif,Francais24436.092v.tif 
Francais24436.098r.tif,Francais24436.093r.tif 
Francais24436.098v.tif,Francais24436.093v.tif 
Francais24436.099r.tif,Francais24436.094r.tif 
Francais24436.099v.tif,Francais24436.094v.tif 
Francais24436.100r.tif,Francais24436.095r.tif 
Francais24436.100v.tif,Francais24436.095v.tif 
Francais24436.101r.tif,Francais24436.096r.tif 
Francais24436.101v.tif,Francais24436.096v.tif 
Francais24436.102r.tif,Francais24436.097r.tif 
Francais24436.102v.tif,Francais24436.097v.tif 
Francais24436.103r.tif,Francais24436.098r.tif 
Francais24436.103v.tif,Francais24436.098v.tif 
Francais24436.104r.tif,Francais24436.099r.tif 
Francais24436.104v.tif,Francais24436.099v.tif 
Francais24436.105r.tif,Francais24436.100r.tif 
Francais24436.105v.tif,Francais24436.100v.tif 
Francais24436.106r.tif,Francais24436.101r.tif 
Francais24436.106v.tif,Francais24436.101v.tif 
Francais24436.107r.tif,Francais24436.102r.tif 
Francais24436.107v.tif,Francais24436.102v.tif 
Francais24436.108r.tif,Francais24436.103r.tif 
Francais24436.108v.tif,Francais24436.103v.tif 
Francais24436.109r.tif,Francais24436.104r.tif 
Francais24436.109v.tif,Francais24436.104v.tif 
Francais24436.110r.tif,Francais24436.105r.tif 
Francais24436.110v.tif,Francais24436.105v.tif 
Francais24436.111r.tif,Francais24436.106r.tif 
Francais24436.111v.tif,Francais24436.106v.tif 
Francais24436.112r.tif,Francais24436.107r.tif 
Francais24436.112v.tif,Francais24436.107v.tif 
Francais24436.113r.tif,Francais24436.108r.tif 
Francais24436.113v.tif,Francais24436.108v.tif 
Francais24436.114r.tif,Francais24436.109r.tif 
Francais24436.114v.tif,Francais24436.109v.tif 
Francais24436.115r.tif,Francais24436.110r.tif 
Francais24436.115v.tif,Francais24436.110v.tif 
Francais24436.116r.tif,Francais24436.111r.tif 
Francais24436.116v.tif,Francais24436.111v.tif 
Francais24436.117r.tif,Francais24436.112r.tif 
Francais24436.117v.tif,Francais24436.112v.tif 
Francais24436.118r.tif,Francais24436.113r.tif 
Francais24436.118v.tif,Francais24436.113v.tif 
Francais24436.119r.tif,Francais24436.114r.tif 
Francais24436.119v.tif,Francais24436.114v.tif 
Francais24436.120r.tif,Francais24436.115r.tif 
Francais24436.120v.tif,Francais24436.115v.tif 
Francais24436.121r.tif,Francais24436.116r.tif 
Francais24436.121v.tif,Francais24436.116v.tif 
Francais24436.122r.tif,Francais24436.117r.tif 
Francais24436.122v.tif,Francais24436.117v.tif 
Francais24436.123r.tif,Francais24436.118r.tif 
Francais24436.123v.tif,Francais24436.118v.tif 
Francais24436.124r.tif,Francais24436.119r.tif 
Francais24436.124v.tif,Francais24436.119v.tif 
Francais24436.125r.tif,Francais24436.120r.tif 
Francais24436.125v.tif,Francais24436.120v.tif 
Francais24436.126r.tif,Francais24436.121r.tif 
Francais24436.126v.tif,Francais24436.121v.tif 
Francais24436.127r.tif,Francais24436.122r.tif 
Francais24436.127v.tif,Francais24436.122v.tif 
Francais24436.128r.tif,Francais24436.123r.tif 
Francais24436.128v.tif,Francais24436.123v.tif 
Francais24436.129r.tif,Francais24436.124r.tif 
Francais24436.129v.tif,Francais24436.124v.tif 
Francais24436.130r.tif,Francais24436.125r.tif 
Francais24436.130v.tif,Francais24436.125v.tif 
Francais24436.131r.tif,Francais24436.126r.tif 
Francais24436.131v.tif,Francais24436.126v.tif 
Francais24436.132r.tif,Francais24436.127r.tif 
Francais24436.132v.tif,Francais24436.127v.tif 
Francais24436.133r.tif,Francais24436.128r.tif 
Francais24436.133v.tif,Francais24436.128v.tif 
Francais24436.134r.tif,Francais24436.129r.tif 
Francais24436.134v.tif,Francais24436.129v.tif 
Francais24436.135r.tif,Francais24436.130r.tif 
Francais24436.135v.tif,Francais24436.130v.tif 
Francais24436.136r.tif,Francais24436.131r.tif 
Francais24436.136v.tif,Francais24436.131v.tif 
Francais24436.137r.tif,Francais24436.132r.tif 
Francais24436.137v.tif,Francais24436.132v.tif 
Francais24436.138r.tif,Francais24436.133r.tif 
Francais24436.138v.tif,Francais24436.133v.tif 
Francais24436.139r.tif,Francais24436.134r.tif 
Francais24436.139v.tif,Francais24436.134v.tif 
Francais24436.140r.tif,Francais24436.135r.tif 
Francais24436.140v.tif,Francais24436.135v.tif 
Francais24436.141r.tif,Francais24436.136r.tif 
Francais24436.141v.tif,Francais24436.136v.tif 
Francais24436.142r.tif,Francais24436.137r.tif 
Francais24436.142v.tif,Francais24436.137v.tif 
Francais24436.143r.tif,Francais24436.138r.tif 
Francais24436.143v.tif,Francais24436.138v.tif 
Francais24436.144r.tif,Francais24436.139r.tif 
Francais24436.144v.tif,Francais24436.139v.tif 
Francais24436.145r.tif,Francais24436.140r.tif 
Francais24436.145v.tif,Francais24436.140v.tif 
Francais24436.146r.tif,Francais24436.141r.tif 
Francais24436.146v.tif,Francais24436.141v.tif 
Francais24436.147r.tif,Francais24436.142r.tif 
Francais24436.147v.tif,Francais24436.142v.tif 
Francais24436.148r.tif,Francais24436.143r.tif 
Francais24436.148v.tif,Francais24436.143v.tif 
Francais24436.149r.tif,Francais24436.144r.tif 
Francais24436.149v.tif,Francais24436.144v.tif 
Francais24436.150r.tif,Francais24436.145r.tif 
Francais24436.150v.tif,Francais24436.145v.tif 
Francais24436.151r.tif,Francais24436.146r.tif 
Francais24436.151v.tif,Francais24436.146v.tif 
Francais24436.152r.tif,Francais24436.147r.tif 
Francais24436.152v.tif,Francais24436.147v.tif 
Francais24436.153r.tif,Francais24436.148r.tif 
Francais24436.153v.tif,Francais24436.148v.tif 
Francais24436.154r.tif,Francais24436.149r.tif 
Francais24436.154v.tif,Francais24436.149v.tif 
Francais24436.155r.tif,Francais24436.150r.tif 
Francais24436.155v.tif,Francais24436.150v.tif 
Francais24436.156r.tif,Francais24436.151r.tif 
Francais24436.156v.tif,Francais24436.151v.tif 
Francais24436.157r.tif,Francais24436.152r.tif 
Francais24436.157v.tif,Francais24436.152v.tif 
Francais24436.158r.tif,Francais24436.153r.tif 
Francais24436.158v.tif,Francais24436.153v.tif 
Francais24436.159r.tif,Francais24436.154r.tif 
Francais24436.159v.tif,Francais24436.154v.tif 
Francais24436.160r.tif,Francais24436.155r.tif 
Francais24436.160v.tif,Francais24436.155v.tif 
