Francais23997.bnf.MD5SUM,Francais23997.bnf.MD5SUM
T/T0000001.tif,Francais23997.binding.frontcover.tif
T/T0000002.tif,Francais23997.frontmatter.pastedown.tif
T/T0000003.tif,Francais23997.001r.tif
T/T0000004.tif,Francais23997.001v.tif
T/T0000005.tif,Francais23997.002r.tif
T/T0000006.tif,Francais23997.002v.tif
T/T0000007.tif,Francais23997.003r.tif
T/T0000008.tif,Francais23997.003v.tif
T/T0000009.tif,Francais23997.004r.tif
T/T0000010.tif,Francais23997.004v.tif
T/T0000011.tif,Francais23997.005r.tif
T/T0000012.tif,Francais23997.005v.tif
T/T0000013.tif,Francais23997.006r.tif
T/T0000014.tif,Francais23997.006v.tif
T/T0000015.tif,Francais23997.007r.tif
T/T0000016.tif,Francais23997.007v.tif
T/T0000017.tif,Francais23997.008r.tif
T/T0000018.tif,Francais23997.008v.tif
T/T0000019.tif,Francais23997.009r.tif
T/T0000020.tif,Francais23997.009v.tif
T/T0000021.tif,Francais23997.010r.tif
T/T0000022.tif,Francais23997.010v.tif
T/T0000023.tif,Francais23997.011r.tif
T/T0000024.tif,Francais23997.011v.tif
T/T0000025.tif,Francais23997.012r.tif
T/T0000026.tif,Francais23997.012v.tif
T/T0000027.tif,Francais23997.013r.tif
T/T0000028.tif,Francais23997.013v.tif
T/T0000029.tif,Francais23997.014r.tif
T/T0000030.tif,Francais23997.014v.tif
T/T0000031.tif,Francais23997.015r.tif
T/T0000032.tif,Francais23997.015v.tif
T/T0000033.tif,Francais23997.016r.tif
T/T0000034.tif,Francais23997.016v.tif
T/T0000035.tif,Francais23997.017r.tif
T/T0000036.tif,Francais23997.017v.tif
T/T0000037.tif,Francais23997.018r.tif
T/T0000038.tif,Francais23997.018v.tif
T/T0000039.tif,Francais23997.019r.tif
T/T0000040.tif,Francais23997.019v.tif
T/T0000041.tif,Francais23997.020r.tif
T/T0000042.tif,Francais23997.020v.tif
T/T0000043.tif,Francais23997.021r.tif
T/T0000044.tif,Francais23997.021v.tif
T/T0000045.tif,Francais23997.022r.tif
T/T0000046.tif,Francais23997.022v.tif
T/T0000047.tif,Francais23997.023r.tif
T/T0000048.tif,Francais23997.023v.tif
T/T0000049.tif,Francais23997.024r.tif
T/T0000050.tif,Francais23997.024v.tif
T/T0000051.tif,Francais23997.025r.tif
T/T0000052.tif,Francais23997.025v.tif
T/T0000053.tif,Francais23997.026r.tif
T/T0000054.tif,Francais23997.026v.tif
T/T0000055.tif,Francais23997.027r.tif
T/T0000056.tif,Francais23997.027v.tif
T/T0000057.tif,Francais23997.028r.tif
T/T0000058.tif,Francais23997.028v.tif
T/T0000059.tif,Francais23997.029r.tif
T/T0000060.tif,Francais23997.029v.tif
T/T0000061.tif,Francais23997.030r.tif
T/T0000062.tif,Francais23997.030v.tif
T/T0000063.tif,Francais23997.031r.tif
T/T0000064.tif,Francais23997.031v.tif
T/T0000065.tif,Francais23997.032r.tif
T/T0000066.tif,Francais23997.032v.tif
T/T0000067.tif,Francais23997.033r.tif
T/T0000068.tif,Francais23997.033v.tif
T/T0000069.tif,Francais23997.034r.tif
T/T0000070.tif,Francais23997.034v.tif
T/T0000071.tif,Francais23997.035r.tif
T/T0000072.tif,Francais23997.035v.tif
T/T0000073.tif,Francais23997.036r.tif
T/T0000074.tif,Francais23997.036v.tif
T/T0000075.tif,Francais23997.037r.tif
T/T0000076.tif,Francais23997.037v.tif
T/T0000077.tif,Francais23997.038r.tif
T/T0000078.tif,Francais23997.038v.tif
T/T0000079.tif,Francais23997.039r.tif
T/T0000080.tif,Francais23997.039v.tif
T/T0000081.tif,Francais23997.040r.tif
T/T0000082.tif,Francais23997.040v.tif
T/T0000083.tif,Francais23997.041r.tif
T/T0000084.tif,Francais23997.041v.tif
T/T0000085.tif,Francais23997.042r.tif
T/T0000086.tif,Francais23997.042v.tif
T/T0000087.tif,Francais23997.043r.tif
T/T0000088.tif,Francais23997.043v.tif
T/T0000089.tif,Francais23997.044r.tif
T/T0000090.tif,Francais23997.044v.tif
T/T0000091.tif,Francais23997.045r.tif
T/T0000092.tif,Francais23997.045v.tif
T/T0000093.tif,Francais23997.046r.tif
T/T0000094.tif,Francais23997.046v.tif
T/T0000095.tif,Francais23997.047r.tif
T/T0000096.tif,Francais23997.047v.tif
T/T0000097.tif,Francais23997.048r.tif
T/T0000098.tif,Francais23997.048v.tif
T/T0000099.tif,Francais23997.049r.tif
T/T0000100.tif,Francais23997.049v.tif
T/T0000101.tif,Francais23997.050r.tif
T/T0000102.tif,Francais23997.050v.tif
T/T0000103.tif,Francais23997.051r.tif
T/T0000104.tif,Francais23997.051v.tif
T/T0000105.tif,Francais23997.052r.tif
T/T0000106.tif,Francais23997.052v.tif
T/T0000107.tif,Francais23997.053r.tif
T/T0000108.tif,Francais23997.053v.tif
T/T0000109.tif,Francais23997.054r.tif
T/T0000110.tif,Francais23997.054v.tif
T/T0000111.tif,Francais23997.055r.tif
T/T0000112.tif,Francais23997.055v.tif
T/T0000113.tif,Francais23997.056r.tif
T/T0000114.tif,Francais23997.056v.tif
T/T0000115.tif,Francais23997.057r.tif
T/T0000116.tif,Francais23997.057v.tif
T/T0000117.tif,Francais23997.058r.tif
T/T0000118.tif,Francais23997.058v.tif
T/T0000119.tif,Francais23997.059r.tif
T/T0000120.tif,Francais23997.059v.tif
T/T0000121.tif,Francais23997.060r.tif
T/T0000122.tif,Francais23997.060v.tif
T/T0000123.tif,Francais23997.061r.tif
T/T0000124.tif,Francais23997.061v.tif
T/T0000125.tif,Francais23997.062r.tif
T/T0000126.tif,Francais23997.062v.tif
T/T0000127.tif,Francais23997.063r.tif
T/T0000128.tif,Francais23997.063v.tif
T/T0000129.tif,Francais23997.064r.tif
T/T0000130.tif,Francais23997.064v.tif
T/T0000131.tif,Francais23997.065r.tif
T/T0000132.tif,Francais23997.065v.tif
T/T0000133.tif,Francais23997.066r.tif
T/T0000134.tif,Francais23997.066v.tif
T/T0000135.tif,Francais23997.067r.tif
T/T0000136.tif,Francais23997.067v.tif
T/T0000137.tif,Francais23997.068r.tif
T/T0000138.tif,Francais23997.068v.tif
T/T0000139.tif,Francais23997.069r.tif
T/T0000140.tif,Francais23997.069v.tif
T/T0000141.tif,Francais23997.070r.tif
T/T0000142.tif,Francais23997.070v.tif
T/T0000143.tif,Francais23997.071r.tif
T/T0000144.tif,Francais23997.071v.tif
T/T0000145.tif,Francais23997.072r.tif
T/T0000146.tif,Francais23997.072v.tif
T/T0000147.tif,Francais23997.073r.tif
T/T0000148.tif,Francais23997.073v.tif
T/T0000149.tif,Francais23997.074r.tif
T/T0000150.tif,Francais23997.074v.tif
T/T0000151.tif,Francais23997.075r.tif
T/T0000152.tif,Francais23997.075v.tif
T/T0000153.tif,Francais23997.076r.tif
T/T0000154.tif,Francais23997.076v.tif
T/T0000155.tif,Francais23997.077r.tif
T/T0000156.tif,Francais23997.077v.tif
T/T0000157.tif,Francais23997.078r.tif
T/T0000158.tif,Francais23997.078v.tif
T/T0000159.tif,Francais23997.079r.tif
T/T0000160.tif,Francais23997.079v.tif
T/T0000161.tif,Francais23997.080r.tif
T/T0000162.tif,Francais23997.080v.tif
T/T0000163.tif,Francais23997.081r.tif
T/T0000164.tif,Francais23997.081v.tif
T/T0000165.tif,Francais23997.082r.tif
T/T0000166.tif,Francais23997.082v.tif
T/T0000167.tif,Francais23997.083r.tif
T/T0000168.tif,Francais23997.083v.tif
T/T0000169.tif,Francais23997.084r.tif
T/T0000170.tif,Francais23997.084v.tif
T/T0000171.tif,Francais23997.085r.tif
T/T0000172.tif,Francais23997.085v.tif
T/T0000173.tif,Francais23997.086r.tif
T/T0000174.tif,Francais23997.086v.tif
T/T0000175.tif,Francais23997.087r.tif
T/T0000176.tif,Francais23997.087v.tif
T/T0000177.tif,Francais23997.088r.tif
T/T0000178.tif,Francais23997.088v.tif
T/T0000179.tif,Francais23997.089r.tif
T/T0000180.tif,Francais23997.089v.tif
T/T0000181.tif,Francais23997.090r.tif
T/T0000182.tif,Francais23997.090v.tif
T/T0000183.tif,Francais23997.091r.tif
T/T0000184.tif,Francais23997.091v.tif
T/T0000185.tif,Francais23997.092r.tif
T/T0000186.tif,Francais23997.092v.tif
T/T0000187.tif,Francais23997.093r.tif
T/T0000188.tif,Francais23997.093v.tif
T/T0000189.tif,Francais23997.094r.tif
T/T0000190.tif,Francais23997.094v.tif
T/T0000191.tif,Francais23997.095r.tif
T/T0000192.tif,Francais23997.095v.tif
T/T0000193.tif,Francais23997.096r.tif
T/T0000194.tif,Francais23997.096v.tif
T/T0000195.tif,Francais23997.097r.tif
T/T0000196.tif,Francais23997.097v.tif
T/T0000197.tif,Francais23997.098r.tif
T/T0000198.tif,Francais23997.098v.tif
T/T0000199.tif,Francais23997.099r.tif
T/T0000200.tif,Francais23997.099v.tif
T/T0000201.tif,Francais23997.100r.tif
T/T0000202.tif,Francais23997.100v.tif
T/T0000203.tif,Francais23997.101r.tif
T/T0000204.tif,Francais23997.101v.tif
T/T0000205.tif,Francais23997.102r.tif
T/T0000206.tif,Francais23997.102v.tif
T/T0000207.tif,Francais23997.103r.tif
T/T0000208.tif,Francais23997.103v.tif
T/T0000209.tif,Francais23997.104r.tif
T/T0000210.tif,Francais23997.104v.tif
T/T0000211.tif,Francais23997.105r.tif
T/T0000212.tif,Francais23997.105v.tif
T/T0000213.tif,Francais23997.106r.tif
T/T0000214.tif,Francais23997.106v.tif
T/T0000215.tif,Francais23997.107r.tif
T/T0000216.tif,Francais23997.107v.tif
T/T0000217.tif,Francais23997.108r.tif
T/T0000218.tif,Francais23997.108v.tif
T/T0000219.tif,Francais23997.109r.tif
T/T0000220.tif,Francais23997.109v.tif
T/T0000221.tif,Francais23997.110r.tif
T/T0000222.tif,Francais23997.110v.tif
T/T0000223.tif,Francais23997.111r.tif
T/T0000224.tif,Francais23997.111v.tif
T/T0000225.tif,Francais23997.112r.tif
T/T0000226.tif,Francais23997.112v.tif
T/T0000227.tif,Francais23997.113r.tif
T/T0000228.tif,Francais23997.113v.tif
T/T0000229.tif,Francais23997.114r.tif
T/T0000230.tif,Francais23997.114v.tif
T/T0000231.tif,Francais23997.115r.tif
T/T0000232.tif,Francais23997.115v.tif
T/T0000233.tif,Francais23997.116r.tif
T/T0000234.tif,Francais23997.116v.tif
T/T0000235.tif,Francais23997.117r.tif
T/T0000236.tif,Francais23997.117v.tif
T/T0000237.tif,Francais23997.118r.tif
T/T0000238.tif,Francais23997.118v.tif
T/T0000239.tif,Francais23997.119r.tif
T/T0000240.tif,Francais23997.119v.tif
T/T0000241.tif,Francais23997.120r.tif
T/T0000242.tif,Francais23997.120v.tif
T/T0000243.tif,Francais23997.121r.tif
T/T0000244.tif,Francais23997.121v.tif
T/T0000245.tif,Francais23997.122r.tif
T/T0000246.tif,Francais23997.122v.tif
T/T0000247.tif,Francais23997.123r.tif
T/T0000248.tif,Francais23997.123v.tif
T/T0000249.tif,Francais23997.124r.tif
T/T0000250.tif,Francais23997.124v.tif
T/T0000251.tif,Francais23997.125r.tif
T/T0000252.tif,Francais23997.125v.tif
T/T0000253.tif,Francais23997.126r.tif
T/T0000254.tif,Francais23997.126v.tif
T/T0000255.tif,Francais23997.127r.tif
T/T0000256.tif,Francais23997.127v.tif
T/T0000257.tif,Francais23997.128r.tif
T/T0000258.tif,Francais23997.128v.tif
T/T0000259.tif,Francais23997.129r.tif
T/T0000260.tif,Francais23997.129v.tif
T/T0000261.tif,Francais23997.130r.tif
T/T0000262.tif,Francais23997.130v.tif
T/T0000263.tif,Francais23997.131r.tif
T/T0000264.tif,Francais23997.131v.tif
T/T0000265.tif,Francais23997.132r.tif
T/T0000266.tif,Francais23997.132v.tif
T/T0000267.tif,Francais23997.133r.tif
T/T0000268.tif,Francais23997.133v.tif
T/T0000269.tif,Francais23997.134r.tif
T/T0000270.tif,Francais23997.134v.tif
T/T0000271.tif,Francais23997.135r.tif
T/T0000272.tif,Francais23997.135v.tif
T/T0000273.tif,Francais23997.136r.tif
T/T0000274.tif,Francais23997.136v.tif
T/T0000275.tif,Francais23997.137r.tif
T/T0000276.tif,Francais23997.137v.tif
T/T0000277.tif,Francais23997.138r.tif
T/T0000278.tif,Francais23997.138v.tif
T/T0000279.tif,Francais23997.139r.tif
T/T0000280.tif,Francais23997.139v.tif
T/T0000281.tif,Francais23997.140r.tif
T/T0000282.tif,Francais23997.140v.tif
T/T0000283.tif,Francais23997.141r.tif
T/T0000284.tif,Francais23997.141v.tif
T/T0000285.tif,Francais23997.142r.tif
T/T0000286.tif,Francais23997.142v.tif
T/T0000287.tif,Francais23997.143r.tif
T/T0000288.tif,Francais23997.143v.tif
T/T0000289.tif,Francais23997.144r.tif
T/T0000290.tif,Francais23997.144v.tif
T/T0000291.tif,Francais23997.145r.tif
T/T0000292.tif,Francais23997.145v.tif
T/T0000293.tif,Francais23997.146r.tif
T/T0000294.tif,Francais23997.146v.tif
T/T0000295.tif,Francais23997.147r.tif
T/T0000296.tif,Francais23997.147v.tif
T/T0000297.tif,Francais23997.148r.tif
T/T0000298.tif,Francais23997.148v.tif
T/T0000299.tif,Francais23997.149r.tif
T/T0000300.tif,Francais23997.149v.tif
T/T0000301.tif,Francais23997.150r.tif
T/T0000302.tif,Francais23997.150v.tif
T/T0000303.tif,Francais23997.151r.tif
T/T0000304.tif,Francais23997.151v.tif
T/T0000305.tif,Francais23997.152r.tif
T/T0000306.tif,Francais23997.152v.tif
T/T0000307.tif,Francais23997.153r.tif
T/T0000308.tif,Francais23997.153v.tif
T/T0000309.tif,Francais23997.154r.tif
T/T0000310.tif,Francais23997.154v.tif
T/T0000311.tif,Francais23997.155r.tif
T/T0000312.tif,Francais23997.155v.tif
T/T0000313.tif,Francais23997.156r.tif
T/T0000314.tif,Francais23997.156v.tif
T/T0000315.tif,Francais23997.157r.tif
T/T0000316.tif,Francais23997.157v.tif
T/T0000317.tif,Francais23997.158r.tif
T/T0000318.tif,Francais23997.158v.tif
T/T0000319.tif,Francais23997.159r.tif
T/T0000320.tif,Francais23997.159v.tif
T/T0000321.tif,Francais23997.160r.tif
T/T0000322.tif,Francais23997.160v.tif
T/T0000323.tif,Francais23997.161r.tif
T/T0000324.tif,Francais23997.161v.tif
T/T0000325.tif,Francais23997.162r.tif
T/T0000326.tif,Francais23997.162v.tif
T/T0000327.tif,Francais23997.163r.tif
T/T0000328.tif,Francais23997.163v.tif
T/T0000329.tif,Francais23997.endmatter.flyleaf.01r.tif
T/T0000330.tif,Francais23997.endmatter.flyleaf.01v.tif
T/T0000331.tif,Francais23997.endmatter.pastedown.tif
T/T0000332.tif,Francais23997.binding.backcover.tif
T/T0000333.tif,Francais23997.binding.spine.tif
T/T0000334.tif,Francais23997.binding.head.tif
T/T0000335.tif,Francais23997.binding.foredge.tif
T/T0000336.tif,Francais23997.binding.tail.tif
bnf_manifest.xml,Francais23997.bnf.foliation.xml
08451466.tif,Francais23997.misc.colorbar.tif