Bodmer79.binding.frontcover.tif,3518,5367
Bodmer79.frontmatter.pastedown.tif,3518,5367
Bodmer79.frontmatter.flyleaf.01r.tif,3518,5367
Bodmer79.frontmatter.flyleaf.01v.tif,3518,5367
Bodmer79.frontmatter.flyleaf.02r.tif,3518,5367
Bodmer79.frontmatter.flyleaf.02v.tif,3518,5367
Bodmer79.frontmatter.flyleaf.03r.tif,3518,5367
Bodmer79.frontmatter.flyleaf.03v.tif,3518,5367
Bodmer79.frontmatter.flyleaf.04r.tif,3518,5367
Bodmer79.frontmatter.flyleaf.04v.tif,3518,5367
Bodmer79.001r.tif,3518,5367
Bodmer79.001v.tif,3518,5367
Bodmer79.002r.tif,3518,5367
Bodmer79.002v.tif,3518,5367
Bodmer79.003r.tif,3518,5367
Bodmer79.003v.tif,3518,5367
Bodmer79.004r.tif,3518,5367
Bodmer79.004v.tif,3518,5367
Bodmer79.005r.tif,3518,5367
Bodmer79.005v.tif,3518,5367
Bodmer79.006r.tif,3518,5367
Bodmer79.006v.tif,3518,5367
Bodmer79.007r.tif,3518,5367
Bodmer79.007v.tif,3518,5367
Bodmer79.008r.tif,3518,5367
Bodmer79.008v.tif,3518,5367
Bodmer79.009r.tif,3518,5367
Bodmer79.009v.tif,3518,5367
Bodmer79.010r.tif,3518,5367
Bodmer79.010v.tif,3518,5367
Bodmer79.011r.tif,3518,5367
Bodmer79.011v.tif,3518,5367
Bodmer79.012r.tif,3518,5367
Bodmer79.012v.tif,3518,5367
Bodmer79.013r.tif,3518,5367
Bodmer79.013v.tif,3518,5367
Bodmer79.014r.tif,3518,5367
Bodmer79.014v.tif,3518,5367
Bodmer79.015r.tif,3518,5367
Bodmer79.015v.tif,3518,5367
Bodmer79.016r.tif,3518,5367
Bodmer79.016v.tif,3518,5367
Bodmer79.017r.tif,3518,5367
Bodmer79.017v.tif,3518,5367
Bodmer79.018r.tif,3518,5367
Bodmer79.018v.tif,3518,5367
Bodmer79.019r.tif,3518,5367
Bodmer79.019v.tif,3518,5367
Bodmer79.020r.tif,3518,5367
Bodmer79.020v.tif,3518,5367
Bodmer79.021r.tif,3518,5367
Bodmer79.021v.tif,3518,5367
Bodmer79.022r.tif,3518,5367
Bodmer79.022v.tif,3518,5367
Bodmer79.023r.tif,3518,5367
Bodmer79.023v.tif,3518,5367
Bodmer79.024r.tif,3518,5367
Bodmer79.024v.tif,3518,5367
Bodmer79.025r.tif,3518,5367
Bodmer79.025v.tif,3518,5367
Bodmer79.026r.tif,3518,5367
Bodmer79.026v.tif,3518,5367
Bodmer79.027r.tif,3518,5367
Bodmer79.027v.tif,3518,5367
Bodmer79.028r.tif,3518,5367
Bodmer79.028v.tif,3518,5367
Bodmer79.030r.tif,3518,5367
Bodmer79.030v.tif,3518,5367
Bodmer79.031r.tif,3518,5367
Bodmer79.031v.tif,3518,5367
Bodmer79.032r.tif,3518,5367
Bodmer79.032v.tif,3518,5367
Bodmer79.033r.tif,3518,5367
Bodmer79.033v.tif,3518,5367
*Bodmer79.034r.tif
Bodmer79.034v.tif,3518,5367
Bodmer79.035r.tif,3518,5367
Bodmer79.035v.tif,3518,5367
Bodmer79.036r.tif,3518,5367
Bodmer79.036v.tif,3518,5367
*Bodmer79.037r.tif
Bodmer79.037v.tif,3518,5367
Bodmer79.038r.tif,3518,5367
Bodmer79.038v.tif,3518,5367
Bodmer79.039r.tif,3518,5367
Bodmer79.039v.tif,3518,5367
Bodmer79.040r.tif,3518,5367
Bodmer79.040v.tif,3518,5367
Bodmer79.041r.tif,3518,5367
Bodmer79.041v.tif,3518,5367
Bodmer79.042r.tif,3518,5367
Bodmer79.042v.tif,3518,5367
Bodmer79.043r.tif,3518,5367
Bodmer79.043v.tif,3518,5367
Bodmer79.044r.tif,3518,5367
Bodmer79.044v.tif,3518,5367
Bodmer79.045r.tif,3518,5367
Bodmer79.045v.tif,3518,5367
Bodmer79.046r.tif,3518,5367
Bodmer79.046v.tif,3518,5367
Bodmer79.047r.tif,3518,5367
Bodmer79.047v.tif,3518,5367
Bodmer79.048r.tif,3518,5367
Bodmer79.048v.tif,3518,5367
Bodmer79.049r.tif,3518,5367
Bodmer79.049v.tif,3518,5367
Bodmer79.050r.tif,3518,5367
Bodmer79.050v.tif,3518,5367
Bodmer79.051r.tif,3518,5367
Bodmer79.051v.tif,3518,5367
Bodmer79.052r.tif,3518,5367
Bodmer79.052v.tif,3518,5367
Bodmer79.053r.tif,3518,5367
Bodmer79.053v.tif,3518,5367
Bodmer79.054r.tif,3518,5367
Bodmer79.054v.tif,3518,5367
Bodmer79.055r.tif,3518,5367
Bodmer79.055v.tif,3518,5367
Bodmer79.056r.tif,3518,5367
Bodmer79.056v.tif,3518,5367
Bodmer79.057r.tif,3518,5367
Bodmer79.057v.tif,3518,5367
Bodmer79.058r.tif,3518,5367
Bodmer79.058v.tif,3518,5367
Bodmer79.059r.tif,3518,5367
Bodmer79.059v.tif,3518,5367
Bodmer79.060r.tif,3518,5367
Bodmer79.060v.tif,3518,5367
Bodmer79.061r.tif,3518,5367
Bodmer79.061v.tif,3518,5367
Bodmer79.062r.tif,3518,5367
Bodmer79.062v.tif,3518,5367
Bodmer79.063r.tif,3518,5367
Bodmer79.063v.tif,3518,5367
Bodmer79.064r.tif,3518,5367
Bodmer79.064v.tif,3518,5367
Bodmer79.065r.tif,3518,5367
Bodmer79.065v.tif,3518,5367
Bodmer79.066r.tif,3518,5367
Bodmer79.066v.tif,3518,5367
Bodmer79.067r.tif,3518,5367
Bodmer79.067v.tif,3518,5367
Bodmer79.068r.tif,3518,5367
Bodmer79.068v.tif,3518,5367
Bodmer79.069r.tif,3518,5367
Bodmer79.069v.tif,3518,5367
Bodmer79.070r.tif,3518,5367
Bodmer79.070v.tif,3518,5367
Bodmer79.071r.tif,3518,5367
Bodmer79.071v.tif,3518,5367
Bodmer79.072r.tif,3518,5367
Bodmer79.072v.tif,3518,5367
Bodmer79.073r.tif,3518,5367
Bodmer79.073v.tif,3518,5367
Bodmer79.074r.tif,3518,5367
Bodmer79.074v.tif,3518,5367
Bodmer79.075r.tif,3518,5367
Bodmer79.075v.tif,3518,5367
Bodmer79.076r.tif,3518,5367
Bodmer79.076v.tif,3518,5367
Bodmer79.077r.tif,3518,5367
Bodmer79.077v.tif,3518,5367
Bodmer79.078r.tif,3518,5367
Bodmer79.078v.tif,3518,5367
Bodmer79.079r.tif,3518,5367
Bodmer79.079v.tif,3518,5367
Bodmer79.080r.tif,3518,5367
Bodmer79.080v.tif,3518,5367
Bodmer79.081r.tif,3518,5367
Bodmer79.081v.tif,3518,5367
Bodmer79.082r.tif,3518,5367
Bodmer79.082v.tif,3518,5367
Bodmer79.083r.tif,3518,5367
Bodmer79.083v.tif,3518,5367
Bodmer79.084r.tif,3518,5367
Bodmer79.084v.tif,3518,5367
Bodmer79.085r.tif,3518,5367
Bodmer79.085v.tif,3518,5367
Bodmer79.086r.tif,3518,5367
Bodmer79.086v.tif,3518,5367
Bodmer79.087r.tif,3518,5367
Bodmer79.087v.tif,3518,5367
Bodmer79.088r.tif,3518,5367
Bodmer79.088v.tif,3518,5367
Bodmer79.089r.tif,3518,5367
Bodmer79.089v.tif,3518,5367
Bodmer79.090r.tif,3518,5367
Bodmer79.090v.tif,3518,5367
Bodmer79.091r.tif,3518,5367
Bodmer79.091v.tif,3518,5367
Bodmer79.092r.tif,3518,5367
Bodmer79.092v.tif,3518,5367
Bodmer79.093r.tif,3518,5367
Bodmer79.093v.tif,3518,5367
Bodmer79.094r.tif,3518,5367
Bodmer79.094v.tif,3518,5367
Bodmer79.095r.tif,3518,5367
Bodmer79.095v.tif,3518,5367
Bodmer79.096r.tif,3518,5367
Bodmer79.096v.tif,3518,5367
Bodmer79.097r.tif,3518,5367
Bodmer79.097v.tif,3518,5367
Bodmer79.098r.tif,3518,5367
Bodmer79.098v.tif,3518,5367
Bodmer79.099r.tif,3518,5367
Bodmer79.099v.tif,3518,5367
Bodmer79.100r.tif,3518,5367
Bodmer79.100v.tif,3518,5367
Bodmer79.101r.tif,3518,5367
Bodmer79.101v.tif,3518,5367
Bodmer79.102r.tif,3518,5367
Bodmer79.102v.tif,3518,5367
Bodmer79.103r.tif,3518,5367
Bodmer79.103v.tif,3518,5367
Bodmer79.104r.tif,3518,5367
Bodmer79.104v.tif,3518,5367
Bodmer79.105r.tif,3518,5367
Bodmer79.105v.tif,3518,5367
Bodmer79.106r.tif,3518,5367
Bodmer79.106v.tif,3518,5367
Bodmer79.107r.tif,3518,5367
Bodmer79.107v.tif,3518,5367
Bodmer79.108r.tif,3518,5367
Bodmer79.108v.tif,3518,5367
Bodmer79.109r.tif,3518,5367
Bodmer79.109v.tif,3518,5367
Bodmer79.110r.tif,3518,5367
Bodmer79.110v.tif,3518,5367
Bodmer79.111r.tif,3518,5367
Bodmer79.111v.tif,3518,5367
Bodmer79.112r.tif,3518,5367
Bodmer79.112v.tif,3518,5367
Bodmer79.113r.tif,3518,5367
Bodmer79.113v.tif,3518,5367
Bodmer79.114r.tif,3518,5367
Bodmer79.114v.tif,3518,5367
Bodmer79.115r.tif,3518,5367
Bodmer79.115v.tif,3518,5367
Bodmer79.116r.tif,3518,5367
Bodmer79.116v.tif,3518,5367
Bodmer79.117r.tif,3518,5367
Bodmer79.117v.tif,3518,5367
Bodmer79.118r.tif,3518,5367
Bodmer79.118v.tif,3518,5367
Bodmer79.119r.tif,3518,5367
Bodmer79.119v.tif,3518,5367
Bodmer79.120r.tif,3518,5367
Bodmer79.120v.tif,3518,5367
Bodmer79.121r.tif,3518,5367
Bodmer79.121v.tif,3518,5367
Bodmer79.122r.tif,3518,5367
Bodmer79.122v.tif,3518,5367
Bodmer79.123r.tif,3518,5367
Bodmer79.123v.tif,3518,5367
Bodmer79.124r.tif,3518,5367
Bodmer79.124v.tif,3518,5367
Bodmer79.125r.tif,3518,5367
Bodmer79.125v.tif,3518,5367
Bodmer79.126r.tif,3518,5367
Bodmer79.126v.tif,3518,5367
Bodmer79.127r.tif,3518,5367
Bodmer79.127v.tif,3518,5367
Bodmer79.128r.tif,3518,5367
Bodmer79.128v.tif,3518,5367
Bodmer79.129r.tif,3518,5367
Bodmer79.129v.tif,3518,5367
Bodmer79.130r.tif,3518,5367
Bodmer79.130v.tif,3518,5367
Bodmer79.131r.tif,3518,5367
Bodmer79.131v.tif,3518,5367
Bodmer79.132r.tif,3518,5367
Bodmer79.132v.tif,3518,5367
Bodmer79.133r.tif,3518,5367
Bodmer79.133v.tif,3518,5367
Bodmer79.134r.tif,3518,5367
Bodmer79.134v.tif,3518,5367
Bodmer79.135r.tif,3518,5367
Bodmer79.135v.tif,3518,5367
Bodmer79.136r.tif,3518,5367
Bodmer79.136v.tif,3518,5367
Bodmer79.137r.tif,3518,5367
Bodmer79.137v.tif,3518,5367
Bodmer79.138r.tif,3518,5367
Bodmer79.138v.tif,3518,5367
Bodmer79.endmatter.flyleaf.01r.tif,3518,5367
Bodmer79.endmatter.flyleaf.01v.tif,3518,5367
Bodmer79.endmatter.flyleaf.02r.tif,3518,5367
Bodmer79.endmatter.flyleaf.02v.tif,3518,5367
Bodmer79.endmatter.flyleaf.03r.tif,3518,5367
Bodmer79.endmatter.flyleaf.03v.tif,3518,5367
Bodmer79.endmatter.pastedown.tif,3518,5367
Bodmer79.binding.backcover.tif,3518,5367
