06000289.XML,Arsenal2872.bnf.foliation.xml
79000001.TIF,Arsenal2872.binding.frontcover.tif
79000002.TIF,Arsenal2872.frontmatter.pastedown.tif
79000003.TIF,Arsenal2872.frontmatter.flyleaf.01r.tif
79000004.TIF,Arsenal2872.frontmatter.flyleaf.01v.tif
79000005.TIF,Arsenal2872.frontmatter.flyleaf.02r.tif
79000006.TIF,Arsenal2872.frontmatter.flyleaf.02v.tif
79000007.TIF,Arsenal2872.frontmatter.flyleaf.03r.tif
79000008.TIF,Arsenal2872.frontmatter.flyleaf.03v.tif
79000009.TIF,Arsenal2872.frontmatter.flyleaf.04r.tif
79000010.TIF,Arsenal2872.frontmatter.flyleaf.04v.tif
79000011.TIF,Arsenal2872.frontmatter.flyleaf.05r.tif
79000012.TIF,Arsenal2872.frontmatter.flyleaf.05v.tif
79000013.TIF,Arsenal2872.frontmatter.flyleaf.06r.tif
79000014.TIF,Arsenal2872.frontmatter.flyleaf.06v.tif
79000015.TIF,Arsenal2872.001r.tif
79000016.TIF,Arsenal2872.001v.tif
79000017.TIF,Arsenal2872.002r.tif
79000018.TIF,Arsenal2872.002v.tif
79000019.TIF,Arsenal2872.003r.tif
79000020.TIF,Arsenal2872.003v.tif
79000021.TIF,Arsenal2872.004r.tif
79000022.TIF,Arsenal2872.004v.tif
79000023.TIF,Arsenal2872.005r.tif
79000024.TIF,Arsenal2872.005v.tif
79000025.TIF,Arsenal2872.006r.tif
79000026.TIF,Arsenal2872.006v.tif
79000027.TIF,Arsenal2872.007r.tif
79000028.TIF,Arsenal2872.007v.tif
79000029.TIF,Arsenal2872.008r.tif
79000030.TIF,Arsenal2872.008v.tif
79000031.TIF,Arsenal2872.009r.tif
79000032.TIF,Arsenal2872.009v.tif
79000033.TIF,Arsenal2872.010r.tif
79000034.TIF,Arsenal2872.010v.tif
79000035.TIF,Arsenal2872.011r.tif
79000036.TIF,Arsenal2872.011v.tif
79000037.TIF,Arsenal2872.012r.tif
79000038.TIF,Arsenal2872.012v.tif
79000039.TIF,Arsenal2872.013r.tif
79000040.TIF,Arsenal2872.013v.tif
79000041.TIF,Arsenal2872.014r.tif
79000042.TIF,Arsenal2872.014v.tif
79000043.TIF,Arsenal2872.015r.tif
79000044.TIF,Arsenal2872.015v.tif
79000045.TIF,Arsenal2872.016r.tif
79000046.TIF,Arsenal2872.016v.tif
79000047.TIF,Arsenal2872.017r.tif
79000048.TIF,Arsenal2872.017v.tif
79000049.TIF,Arsenal2872.018r.tif
79000050.TIF,Arsenal2872.018v.tif
79000051.TIF,Arsenal2872.019r.tif
79000052.TIF,Arsenal2872.019v.tif
79000053.TIF,Arsenal2872.020r.tif
79000054.TIF,Arsenal2872.020v.tif
79000055.TIF,Arsenal2872.021r.tif
79000056.TIF,Arsenal2872.021v.tif
79000057.TIF,Arsenal2872.022r.tif
79000058.TIF,Arsenal2872.022v.tif
79000059.TIF,Arsenal2872.023r.tif
79000060.TIF,Arsenal2872.023v.tif
79000061.TIF,Arsenal2872.024r.tif
79000062.TIF,Arsenal2872.024v.tif
79000063.TIF,Arsenal2872.025r.tif
79000064.TIF,Arsenal2872.025v.tif
79000065.TIF,Arsenal2872.026r.tif
79000066.TIF,Arsenal2872.026v.tif
79000067.TIF,Arsenal2872.027r.tif
79000068.TIF,Arsenal2872.027v.tif
79000069.TIF,Arsenal2872.028r.tif
79000070.TIF,Arsenal2872.028v.tif
79000071.TIF,Arsenal2872.029r.tif
79000072.TIF,Arsenal2872.029v.tif
79000073.TIF,Arsenal2872.030r.tif
79000074.TIF,Arsenal2872.030v.tif
79000075.TIF,Arsenal2872.031r.tif
79000076.TIF,Arsenal2872.031v.tif
79000077.TIF,Arsenal2872.032r.tif
79000078.TIF,Arsenal2872.032v.tif
79000079.TIF,Arsenal2872.033r.tif
79000080.TIF,Arsenal2872.033v.tif
79000081.TIF,Arsenal2872.034r.tif
79000082.TIF,Arsenal2872.034v.tif
79000083.TIF,Arsenal2872.035r.tif
79000084.TIF,Arsenal2872.035v.tif
79000085.TIF,Arsenal2872.036r.tif
79000086.TIF,Arsenal2872.036v.tif
79000087.TIF,Arsenal2872.037r.tif
79000088.TIF,Arsenal2872.037v.tif
79000089.TIF,Arsenal2872.038r.tif
79000090.TIF,Arsenal2872.038v.tif
79000091.TIF,Arsenal2872.039r.tif
79000092.TIF,Arsenal2872.039v.tif
79000093.TIF,Arsenal2872.040r.tif
79000094.TIF,Arsenal2872.040v.tif
79000095.TIF,Arsenal2872.041r.tif
79000096.TIF,Arsenal2872.041v.tif
79000097.TIF,Arsenal2872.042r.tif
79000098.TIF,Arsenal2872.042v.tif
79000099.TIF,Arsenal2872.043r.tif
79000100.TIF,Arsenal2872.043v.tif
79000101.TIF,Arsenal2872.044r.tif
79000102.TIF,Arsenal2872.044v.tif
79000103.TIF,Arsenal2872.045r.tif
79000104.TIF,Arsenal2872.045v.tif
79000105.TIF,Arsenal2872.046r.tif
79000106.TIF,Arsenal2872.046v.tif
79000107.TIF,Arsenal2872.047r.tif
79000108.TIF,Arsenal2872.047v.tif
79000109.TIF,Arsenal2872.048r.tif
79000110.TIF,Arsenal2872.048v.tif
79000111.TIF,Arsenal2872.049r.tif
79000112.TIF,Arsenal2872.049v.tif
79000113.TIF,Arsenal2872.050r.tif
79000114.TIF,Arsenal2872.050v.tif
79000115.TIF,Arsenal2872.051r.tif
79000116.TIF,Arsenal2872.051v.tif
79000117.TIF,Arsenal2872.052r.tif
79000118.TIF,Arsenal2872.052v.tif
79000119.TIF,Arsenal2872.053r.tif
79000120.TIF,Arsenal2872.053v.tif
79000121.TIF,Arsenal2872.054r.tif
79000122.TIF,Arsenal2872.054v.tif
79000123.TIF,Arsenal2872.055r.tif
79000124.TIF,Arsenal2872.055v.tif
79000125.TIF,Arsenal2872.056r.tif
79000126.TIF,Arsenal2872.056v.tif
79000127.TIF,Arsenal2872.057r.tif
79000128.TIF,Arsenal2872.057v.tif
79000129.TIF,Arsenal2872.058r.tif
79000130.TIF,Arsenal2872.058v.tif
79000131.TIF,Arsenal2872.059r.tif
79000132.TIF,Arsenal2872.059v.tif
79000133.TIF,Arsenal2872.060r.tif
79000134.TIF,Arsenal2872.060v.tif
79000135.TIF,Arsenal2872.061r.tif
79000136.TIF,Arsenal2872.061v.tif
79000137.TIF,Arsenal2872.062r.tif
79000138.TIF,Arsenal2872.062v.tif
79000139.TIF,Arsenal2872.063r.tif
79000140.TIF,Arsenal2872.063v.tif
79000141.TIF,Arsenal2872.064r.tif
79000142.TIF,Arsenal2872.064v.tif
79000143.TIF,Arsenal2872.065r.tif
79000144.TIF,Arsenal2872.065v.tif
79000145.TIF,Arsenal2872.066r.tif
79000146.TIF,Arsenal2872.066v.tif
79000147.TIF,Arsenal2872.067r.tif
79000148.TIF,Arsenal2872.067v.tif
79000149.TIF,Arsenal2872.068r.tif
79000150.TIF,Arsenal2872.068v.tif
79000151.TIF,Arsenal2872.069r.tif
79000152.TIF,Arsenal2872.069v.tif
79000153.TIF,Arsenal2872.070r.tif
79000154.TIF,Arsenal2872.070v.tif
79000155.TIF,Arsenal2872.071r.tif
79000156.TIF,Arsenal2872.071v.tif
79000157.TIF,Arsenal2872.072r.tif
79000158.TIF,Arsenal2872.072v.tif
79000159.TIF,Arsenal2872.073r.tif
79000160.TIF,Arsenal2872.073v.tif
79000161.TIF,Arsenal2872.074r.tif
79000162.TIF,Arsenal2872.074v.tif
79000163.TIF,Arsenal2872.075r.tif
79000164.TIF,Arsenal2872.075v.tif
79000165.TIF,Arsenal2872.076r.tif
79000166.TIF,Arsenal2872.076v.tif
79000167.TIF,Arsenal2872.077r.tif
79000168.TIF,Arsenal2872.077v.tif
79000169.TIF,Arsenal2872.078r.tif
79000170.TIF,Arsenal2872.078v.tif
79000171.TIF,Arsenal2872.079r.tif
79000172.TIF,Arsenal2872.079v.tif
79000173.TIF,Arsenal2872.080r.tif
79000174.TIF,Arsenal2872.080v.tif
79000175.TIF,Arsenal2872.081r.tif
79000176.TIF,Arsenal2872.081v.tif
79000177.TIF,Arsenal2872.082r.tif
79000178.TIF,Arsenal2872.082v.tif
79000179.TIF,Arsenal2872.083r.tif
79000180.TIF,Arsenal2872.083v.tif
79000181.TIF,Arsenal2872.084r.tif
79000182.TIF,Arsenal2872.084v.tif
79000183.TIF,Arsenal2872.085r.tif
79000184.TIF,Arsenal2872.085v.tif
79000185.TIF,Arsenal2872.086r.tif
79000186.TIF,Arsenal2872.086v.tif
79000187.TIF,Arsenal2872.087r.tif
79000188.TIF,Arsenal2872.087v.tif
79000189.TIF,Arsenal2872.088r.tif
79000190.TIF,Arsenal2872.088v.tif
79000191.TIF,Arsenal2872.089r.tif
79000192.TIF,Arsenal2872.089v.tif
79000193.TIF,Arsenal2872.090r.tif
79000194.TIF,Arsenal2872.090v.tif
79000195.TIF,Arsenal2872.091r.tif
79000196.TIF,Arsenal2872.091v.tif
79000197.TIF,Arsenal2872.092r.tif
79000198.TIF,Arsenal2872.092v.tif
79000199.TIF,Arsenal2872.093r.tif
79000200.TIF,Arsenal2872.093v.tif
79000201.TIF,Arsenal2872.094r.tif
79000202.TIF,Arsenal2872.094v.tif
79000203.TIF,Arsenal2872.095r.tif
79000204.TIF,Arsenal2872.095v.tif
79000205.TIF,Arsenal2872.096r.tif
79000206.TIF,Arsenal2872.096v.tif
79000207.TIF,Arsenal2872.097r.tif
79000208.TIF,Arsenal2872.097v.tif
79000209.TIF,Arsenal2872.098r.tif
79000210.TIF,Arsenal2872.098v.tif
79000211.TIF,Arsenal2872.099r.tif
79000212.TIF,Arsenal2872.099v.tif
79000213.TIF,Arsenal2872.100r.tif
79000214.TIF,Arsenal2872.100v.tif
79000215.TIF,Arsenal2872.101r.tif
79000216.TIF,Arsenal2872.101v.tif
79000217.TIF,Arsenal2872.102r.tif
79000218.TIF,Arsenal2872.102v.tif
79000219.TIF,Arsenal2872.103r.tif
79000220.TIF,Arsenal2872.103v.tif
79000221.TIF,Arsenal2872.104r.tif
79000222.TIF,Arsenal2872.104v.tif
79000223.TIF,Arsenal2872.105r.tif
79000224.TIF,Arsenal2872.105v.tif
79000225.TIF,Arsenal2872.106r.tif
79000226.TIF,Arsenal2872.106v.tif
79000227.TIF,Arsenal2872.107r.tif
79000228.TIF,Arsenal2872.107v.tif
79000229.TIF,Arsenal2872.108r.tif
79000230.TIF,Arsenal2872.108v.tif
79000231.TIF,Arsenal2872.109r.tif
79000232.TIF,Arsenal2872.109v.tif
79000233.TIF,Arsenal2872.110r.tif
79000234.TIF,Arsenal2872.110v.tif
79000235.TIF,Arsenal2872.111r.tif
79000236.TIF,Arsenal2872.111v.tif
79000237.TIF,Arsenal2872.112r.tif
79000238.TIF,Arsenal2872.112v.tif
79000239.TIF,Arsenal2872.113r.tif
79000240.TIF,Arsenal2872.113v.tif
79000241.TIF,Arsenal2872.114r.tif
79000242.TIF,Arsenal2872.114v.tif
79000243.TIF,Arsenal2872.115r.tif
79000244.TIF,Arsenal2872.115v.tif
79000245.TIF,Arsenal2872.116r.tif
79000246.TIF,Arsenal2872.116v.tif
79000247.TIF,Arsenal2872.117r.tif
79000248.TIF,Arsenal2872.117v.tif
79000249.TIF,Arsenal2872.118r.tif
79000250.TIF,Arsenal2872.118v.tif
79000251.TIF,Arsenal2872.119r.tif
79000252.TIF,Arsenal2872.119v.tif
79000253.TIF,Arsenal2872.120r.tif
79000254.TIF,Arsenal2872.120v.tif
79000255.TIF,Arsenal2872.121r.tif
79000256.TIF,Arsenal2872.121v.tif
79000257.TIF,Arsenal2872.122r.tif
79000258.TIF,Arsenal2872.122v.tif
79000259.TIF,Arsenal2872.123r.tif
79000260.TIF,Arsenal2872.123v.tif
79000261.TIF,Arsenal2872.124r.tif
79000262.TIF,Arsenal2872.124v.tif
79000263.TIF,Arsenal2872.125r.tif
79000264.TIF,Arsenal2872.125v.tif
79000265.TIF,Arsenal2872.126r.tif
79000266.TIF,Arsenal2872.126v.tif
79000267.TIF,Arsenal2872.127r.tif
79000268.TIF,Arsenal2872.127v.tif
79000269.TIF,Arsenal2872.128r.tif
79000270.TIF,Arsenal2872.128v.tif
79000271.TIF,Arsenal2872.129r.tif
79000272.TIF,Arsenal2872.129v.tif
79000273.TIF,Arsenal2872.130r.tif
79000274.TIF,Arsenal2872.130v.tif
79000275.TIF,Arsenal2872.131r.tif
79000276.TIF,Arsenal2872.131v.tif
79000277.TIF,Arsenal2872.132r.tif
79000278.TIF,Arsenal2872.132v.tif
79000279.TIF,Arsenal2872.133r.tif
79000280.TIF,Arsenal2872.133v.tif
79000281.TIF,Arsenal2872.134r.tif
79000282.TIF,Arsenal2872.134v.tif
79000283.TIF,Arsenal2872.135r.tif
79000284.TIF,Arsenal2872.135v.tif
79000285.TIF,Arsenal2872.136r.tif
79000286.TIF,Arsenal2872.136v.tif
79000287.TIF,Arsenal2872.137r.tif
79000288.TIF,Arsenal2872.137v.tif
79000289.TIF,Arsenal2872.138r.tif
79000290.TIF,Arsenal2872.138v.tif
79000291.TIF,Arsenal2872.139r.tif
79000292.TIF,Arsenal2872.139v.tif
79000293.TIF,Arsenal2872.140r.tif
79000294.TIF,Arsenal2872.140v.tif
79000295.TIF,Arsenal2872.141r.tif
79000296.TIF,Arsenal2872.141v.tif
79000297.TIF,Arsenal2872.142r.tif
79000298.TIF,Arsenal2872.142v.tif
79000299.TIF,Arsenal2872.143r.tif
79000300.TIF,Arsenal2872.143v.tif
79000301.TIF,Arsenal2872.144r.tif
79000302.TIF,Arsenal2872.144v.tif
79000303.TIF,Arsenal2872.145r.tif
79000304.TIF,Arsenal2872.145v.tif
79000305.TIF,Arsenal2872.146r.tif
79000306.TIF,Arsenal2872.146v.tif
79000307.TIF,Arsenal2872.147r.tif
79000308.TIF,Arsenal2872.147v.tif
79000309.TIF,Arsenal2872.148r.tif
79000310.TIF,Arsenal2872.148v.tif
79000311.TIF,Arsenal2872.149r.tif
79000312.TIF,Arsenal2872.149v.tif
79000313.TIF,Arsenal2872.150r.tif
79000314.TIF,Arsenal2872.150v.tif
79000315.TIF,Arsenal2872.151r.tif
79000316.TIF,Arsenal2872.151v.tif
79000317.TIF,Arsenal2872.152r.tif
79000318.TIF,Arsenal2872.152v.tif
79000319.TIF,Arsenal2872.153r.tif
79000320.TIF,Arsenal2872.153v.tif
79000321.TIF,Arsenal2872.154r.tif
79000322.TIF,Arsenal2872.154v.tif
79000323.TIF,Arsenal2872.155r.tif
79000324.TIF,Arsenal2872.155v.tif
79000325.TIF,Arsenal2872.156r.tif
79000326.TIF,Arsenal2872.156v.tif
79000327.TIF,Arsenal2872.157r.tif
79000328.TIF,Arsenal2872.157v.tif
79000329.TIF,Arsenal2872.158r.tif
79000330.TIF,Arsenal2872.158v.tif
79000331.TIF,Arsenal2872.159r.tif
79000332.TIF,Arsenal2872.159v.tif
79000333.TIF,Arsenal2872.160r.tif
79000334.TIF,Arsenal2872.160v.tif
79000335.TIF,Arsenal2872.161r.tif
79000336.TIF,Arsenal2872.161v.tif
79000337.TIF,Arsenal2872.162r.tif
79000338.TIF,Arsenal2872.162v.tif
79000339.TIF,Arsenal2872.163r.tif
79000340.TIF,Arsenal2872.163v.tif
79000341.TIF,Arsenal2872.164r.tif
79000342.TIF,Arsenal2872.164v.tif
79000343.TIF,Arsenal2872.165r.tif
79000344.TIF,Arsenal2872.165v.tif
79000345.TIF,Arsenal2872.166r.tif
79000346.TIF,Arsenal2872.166v.tif
79000347.TIF,Arsenal2872.167r.tif
79000348.TIF,Arsenal2872.167v.tif
79000349.TIF,Arsenal2872.168r.tif
79000350.TIF,Arsenal2872.168v.tif
79000351.TIF,Arsenal2872.169r.tif
79000352.TIF,Arsenal2872.169v.tif
79000353.TIF,Arsenal2872.170r.tif
79000354.TIF,Arsenal2872.170v.tif
79000355.TIF,Arsenal2872.171r.tif
79000356.TIF,Arsenal2872.171v.tif
79000357.TIF,Arsenal2872.172r.tif
79000358.TIF,Arsenal2872.172v.tif
79000359.TIF,Arsenal2872.173r.tif
79000360.TIF,Arsenal2872.173v.tif
79000361.TIF,Arsenal2872.174r.tif
79000362.TIF,Arsenal2872.174v.tif
79000363.TIF,Arsenal2872.175r.tif
79000364.TIF,Arsenal2872.175v.tif
79000365.TIF,Arsenal2872.176r.tif
79000366.TIF,Arsenal2872.176v.tif
79000367.TIF,Arsenal2872.177r.tif
79000368.TIF,Arsenal2872.177v.tif
79000369.TIF,Arsenal2872.178r.tif
79000370.TIF,Arsenal2872.178v.tif
79000371.TIF,Arsenal2872.179r.tif
79000372.TIF,Arsenal2872.179v.tif
79000373.TIF,Arsenal2872.180r.tif
79000374.TIF,Arsenal2872.180v.tif
79000375.TIF,Arsenal2872.181r.tif
79000376.TIF,Arsenal2872.181v.tif
79000377.TIF,Arsenal2872.182r.tif
79000378.TIF,Arsenal2872.182v.tif
79000379.TIF,Arsenal2872.183r.tif
79000380.TIF,Arsenal2872.183v.tif
79000381.TIF,Arsenal2872.184r.tif
79000382.TIF,Arsenal2872.184v.tif
79000383.TIF,Arsenal2872.185r.tif
79000384.TIF,Arsenal2872.185v.tif
79000385.TIF,Arsenal2872.186r.tif
79000386.TIF,Arsenal2872.186v.tif
79000387.TIF,Arsenal2872.187r.tif
79000388.TIF,Arsenal2872.187v.tif
79000389.TIF,Arsenal2872.188r.tif
79000390.TIF,Arsenal2872.188v.tif
79000391.TIF,Arsenal2872.189r.tif
79000392.TIF,Arsenal2872.189v.tif
79000393.TIF,Arsenal2872.190r.tif
79000394.TIF,Arsenal2872.190v.tif
79000395.TIF,Arsenal2872.191r.tif
79000396.TIF,Arsenal2872.191v.tif
79000397.TIF,Arsenal2872.192r.tif
79000398.TIF,Arsenal2872.192v.tif
79000399.TIF,Arsenal2872.193r.tif
79000400.TIF,Arsenal2872.193v.tif
79000401.TIF,Arsenal2872.194r.tif
79000402.TIF,Arsenal2872.194v.tif
79000403.TIF,Arsenal2872.195r.tif
79000404.TIF,Arsenal2872.195v.tif
79000405.TIF,Arsenal2872.196r.tif
79000406.TIF,Arsenal2872.196v.tif
79000407.TIF,Arsenal2872.197r.tif
79000408.TIF,Arsenal2872.197v.tif
79000409.TIF,Arsenal2872.198r.tif
79000410.TIF,Arsenal2872.198v.tif
79000411.TIF,Arsenal2872.199r.tif
79000412.TIF,Arsenal2872.199v.tif
79000413.TIF,Arsenal2872.200r.tif
79000414.TIF,Arsenal2872.200v.tif
79000415.TIF,Arsenal2872.201r.tif
79000416.TIF,Arsenal2872.201v.tif
79000417.TIF,Arsenal2872.202r.tif
79000418.TIF,Arsenal2872.202v.tif
79000419.TIF,Arsenal2872.203r.tif
79000420.TIF,Arsenal2872.203v.tif
79000421.TIF,Arsenal2872.204r.tif
79000422.TIF,Arsenal2872.204v.tif
79000423.TIF,Arsenal2872.205r.tif
79000424.TIF,Arsenal2872.205v.tif
79000425.TIF,Arsenal2872.206r.tif
79000426.TIF,Arsenal2872.206v.tif
79000427.TIF,Arsenal2872.207r.tif
79000428.TIF,Arsenal2872.207v.tif
79000429.TIF,Arsenal2872.208r.tif
79000430.TIF,Arsenal2872.208v.tif
79000431.TIF,Arsenal2872.209r.tif
79000432.TIF,Arsenal2872.209v.tif
79000433.TIF,Arsenal2872.210r.tif
79000434.TIF,Arsenal2872.210v.tif
79000435.TIF,Arsenal2872.211r.tif
79000436.TIF,Arsenal2872.211v.tif
79000437.TIF,Arsenal2872.212r.tif
79000438.TIF,Arsenal2872.212v.tif
79000439.TIF,Arsenal2872.213r.tif
79000440.TIF,Arsenal2872.213v.tif
79000441.TIF,Arsenal2872.214r.tif
79000442.TIF,Arsenal2872.214v.tif
79000443.TIF,Arsenal2872.215r.tif
79000444.TIF,Arsenal2872.215v.tif
79000445.TIF,Arsenal2872.216r.tif
79000446.TIF,Arsenal2872.216v.tif
79000447.TIF,Arsenal2872.217r.tif
79000448.TIF,Arsenal2872.217v.tif
79000449.TIF,Arsenal2872.218r.tif
79000450.TIF,Arsenal2872.218v.tif
79000451.TIF,Arsenal2872.219r.tif
79000452.TIF,Arsenal2872.219v.tif
79000453.TIF,Arsenal2872.220r.tif
79000454.TIF,Arsenal2872.220v.tif
79000455.TIF,Arsenal2872.221r.tif
79000456.TIF,Arsenal2872.221v.tif
79000457.TIF,Arsenal2872.222r.tif
79000458.TIF,Arsenal2872.222v.tif
79000459.TIF,Arsenal2872.223r.tif
79000460.TIF,Arsenal2872.223v.tif
79000461.TIF,Arsenal2872.224r.tif
79000462.TIF,Arsenal2872.224v.tif
79000463.TIF,Arsenal2872.225r.tif
79000464.TIF,Arsenal2872.225v.tif
79000465.TIF,Arsenal2872.226r.tif
79000466.TIF,Arsenal2872.226v.tif
79000467.TIF,Arsenal2872.227r.tif
79000468.TIF,Arsenal2872.227v.tif
79000469.TIF,Arsenal2872.228r.tif
79000470.TIF,Arsenal2872.228v.tif
79000471.TIF,Arsenal2872.229r.tif
79000472.TIF,Arsenal2872.229v.tif
79000473.TIF,Arsenal2872.230r.tif
79000474.TIF,Arsenal2872.230v.tif
79000475.TIF,Arsenal2872.231r.tif
79000476.TIF,Arsenal2872.231v.tif
79000477.TIF,Arsenal2872.232r.tif
79000478.TIF,Arsenal2872.232v.tif
79000479.TIF,Arsenal2872.233r.tif
79000480.TIF,Arsenal2872.233v.tif
79000481.TIF,Arsenal2872.234r.tif
79000482.TIF,Arsenal2872.234v.tif
79000483.TIF,Arsenal2872.235r.tif
79000484.TIF,Arsenal2872.235v.tif
79000485.TIF,Arsenal2872.236r.tif
79000486.TIF,Arsenal2872.236v.tif
79000487.TIF,Arsenal2872.237r.tif
79000488.TIF,Arsenal2872.237v.tif
79000489.TIF,Arsenal2872.238r.tif
79000490.TIF,Arsenal2872.238v.tif
79000491.TIF,Arsenal2872.239r.tif
79000492.TIF,Arsenal2872.239v.tif
79000493.TIF,Arsenal2872.240r.tif
79000494.TIF,Arsenal2872.240v.tif
79000495.TIF,Arsenal2872.241r.tif
79000496.TIF,Arsenal2872.241v.tif
79000497.TIF,Arsenal2872.242r.tif
79000498.TIF,Arsenal2872.242v.tif
79000499.TIF,Arsenal2872.243r.tif
79000500.TIF,Arsenal2872.243v.tif
79000501.TIF,Arsenal2872.244r.tif
79000502.TIF,Arsenal2872.244v.tif
79000503.TIF,Arsenal2872.245r.tif
79000504.TIF,Arsenal2872.245v.tif
79000505.TIF,Arsenal2872.246r.tif
79000506.TIF,Arsenal2872.246v.tif
79000507.TIF,Arsenal2872.247r.tif
79000508.TIF,Arsenal2872.247v.tif
79000509.TIF,Arsenal2872.248r.tif
79000510.TIF,Arsenal2872.248v.tif
79000511.TIF,Arsenal2872.249r.tif
79000512.TIF,Arsenal2872.249v.tif
79000513.TIF,Arsenal2872.250r.tif
79000514.TIF,Arsenal2872.250v.tif
79000515.TIF,Arsenal2872.251r.tif
79000516.TIF,Arsenal2872.251v.tif
79000517.TIF,Arsenal2872.252r.tif
79000518.TIF,Arsenal2872.252v.tif
79000519.TIF,Arsenal2872.253r.tif
79000520.TIF,Arsenal2872.253v.tif
79000521.TIF,Arsenal2872.254r.tif
79000522.TIF,Arsenal2872.254v.tif
79000523.TIF,Arsenal2872.255r.tif
79000524.TIF,Arsenal2872.255v.tif
79000525.TIF,Arsenal2872.256r.tif
79000526.TIF,Arsenal2872.256v.tif
79000527.TIF,Arsenal2872.257r.tif
79000528.TIF,Arsenal2872.257v.tif
79000529.TIF,Arsenal2872.258r.tif
79000530.TIF,Arsenal2872.258v.tif
79000531.TIF,Arsenal2872.259r.tif
79000532.TIF,Arsenal2872.259v.tif
79000533.TIF,Arsenal2872.260r.tif
79000534.TIF,Arsenal2872.260v.tif
79000535.TIF,Arsenal2872.261r.tif
79000536.TIF,Arsenal2872.261v.tif
79000537.TIF,Arsenal2872.262r.tif
79000538.TIF,Arsenal2872.262v.tif
79000539.TIF,Arsenal2872.263r.tif
79000540.TIF,Arsenal2872.263v.tif
79000541.TIF,Arsenal2872.264r.tif
79000542.TIF,Arsenal2872.264v.tif
79000543.TIF,Arsenal2872.265r.tif
79000544.TIF,Arsenal2872.265v.tif
79000545.TIF,Arsenal2872.266r.tif
79000546.TIF,Arsenal2872.266v.tif
79000547.TIF,Arsenal2872.267r.tif
79000548.TIF,Arsenal2872.267v.tif
79000549.TIF,Arsenal2872.268r.tif
79000550.TIF,Arsenal2872.268v.tif
79000551.TIF,Arsenal2872.269r.tif
79000552.TIF,Arsenal2872.269v.tif
79000553.TIF,Arsenal2872.270r.tif
79000554.TIF,Arsenal2872.270v.tif
79000555.TIF,Arsenal2872.271r.tif
79000556.TIF,Arsenal2872.271v.tif
79000557.TIF,Arsenal2872.272r.tif
79000558.TIF,Arsenal2872.272v.tif
79000559.TIF,Arsenal2872.273r.tif
79000560.TIF,Arsenal2872.273v.tif
79000561.TIF,Arsenal2872.274r.tif
79000562.TIF,Arsenal2872.274v.tif
79000563.TIF,Arsenal2872.275r.tif
79000564.TIF,Arsenal2872.275v.tif
79000565.TIF,Arsenal2872.276r.tif
79000566.TIF,Arsenal2872.276v.tif
79000567.TIF,Arsenal2872.277r.tif
79000568.TIF,Arsenal2872.277v.tif
79000569.TIF,Arsenal2872.278r.tif
79000570.TIF,Arsenal2872.278v.tif
79000571.TIF,Arsenal2872.279r.tif
79000572.TIF,Arsenal2872.279v.tif
79000573.TIF,Arsenal2872.280r.tif
79000574.TIF,Arsenal2872.280v.tif
79000575.TIF,Arsenal2872.281r.tif
79000576.TIF,Arsenal2872.281v.tif
79000577.TIF,Arsenal2872.282r.tif
79000578.TIF,Arsenal2872.282v.tif
79000579.TIF,Arsenal2872.283r.tif
79000580.TIF,Arsenal2872.283v.tif
79000581.TIF,Arsenal2872.284r.tif
79000582.TIF,Arsenal2872.284v.tif
79000583.TIF,Arsenal2872.285r.tif
79000584.TIF,Arsenal2872.285v.tif
79000585.TIF,Arsenal2872.286r.tif
79000586.TIF,Arsenal2872.286v.tif
79000587.TIF,Arsenal2872.287r.tif
79000588.TIF,Arsenal2872.287v.tif
79000589.TIF,Arsenal2872.288r.tif
79000590.TIF,Arsenal2872.288v.tif
79000591.TIF,Arsenal2872.289r.tif
79000592.TIF,Arsenal2872.289v.tif
79000593.TIF,Arsenal2872.290r.tif
79000594.TIF,Arsenal2872.290v.tif
79000595.TIF,Arsenal2872.291r.tif
79000596.TIF,Arsenal2872.291v.tif
79000597.TIF,Arsenal2872.292r.tif
79000598.TIF,Arsenal2872.292v.tif
79000599.TIF,Arsenal2872.293r.tif
79000600.TIF,Arsenal2872.293v.tif
79000601.TIF,Arsenal2872.294r.tif
79000602.TIF,Arsenal2872.294v.tif
79000603.TIF,Arsenal2872.295r.tif
79000604.TIF,Arsenal2872.295v.tif
79000605.TIF,Arsenal2872.296r.tif
79000606.TIF,Arsenal2872.296v.tif
79000607.TIF,Arsenal2872.297r.tif
79000608.TIF,Arsenal2872.297v.tif
79000609.TIF,Arsenal2872.298r.tif
79000610.TIF,Arsenal2872.298v.tif
79000611.TIF,Arsenal2872.299r.tif
79000612.TIF,Arsenal2872.299v.tif
79000613.TIF,Arsenal2872.300r.tif
79000614.TIF,Arsenal2872.300v.tif
79000615.TIF,Arsenal2872.301r.tif
79000616.TIF,Arsenal2872.301v.tif
79000617.TIF,Arsenal2872.302r.tif
79000618.TIF,Arsenal2872.302v.tif
79000619.TIF,Arsenal2872.303r.tif
79000620.TIF,Arsenal2872.303v.tif
79000621.TIF,Arsenal2872.304r.tif
79000622.TIF,Arsenal2872.304v.tif
79000623.TIF,Arsenal2872.305r.tif
79000624.TIF,Arsenal2872.305v.tif
79000625.TIF,Arsenal2872.306r.tif
79000626.TIF,Arsenal2872.306v.tif
79000627.TIF,Arsenal2872.307r.tif
79000628.TIF,Arsenal2872.307v.tif
79000629.TIF,Arsenal2872.308r.tif
79000630.TIF,Arsenal2872.308v.tif
79000631.TIF,Arsenal2872.309r.tif
79000632.TIF,Arsenal2872.309v.tif
79000633.TIF,Arsenal2872.310r.tif
79000634.TIF,Arsenal2872.310v.tif
79000635.TIF,Arsenal2872.311r.tif
79000636.TIF,Arsenal2872.311v.tif
79000637.TIF,Arsenal2872.312r.tif
79000638.TIF,Arsenal2872.312v.tif
79000639.TIF,Arsenal2872.313r.tif
79000640.TIF,Arsenal2872.313v.tif
79000641.TIF,Arsenal2872.314r.tif
79000642.TIF,Arsenal2872.314v.tif
79000643.TIF,Arsenal2872.315r.tif
79000644.TIF,Arsenal2872.315v.tif
79000645.TIF,Arsenal2872.316r.tif
79000646.TIF,Arsenal2872.316v.tif
79000647.TIF,Arsenal2872.317r.tif
79000648.TIF,Arsenal2872.317v.tif
79000649.TIF,Arsenal2872.318r.tif
79000650.TIF,Arsenal2872.318v.tif
79000651.TIF,Arsenal2872.319r.tif
79000652.TIF,Arsenal2872.319v.tif
79000653.TIF,Arsenal2872.320r.tif
79000654.TIF,Arsenal2872.320v.tif
79000655.TIF,Arsenal2872.321r.tif
79000656.TIF,Arsenal2872.321v.tif
79000657.TIF,Arsenal2872.322r.tif
79000658.TIF,Arsenal2872.322v.tif
79000659.TIF,Arsenal2872.323r.tif
79000660.TIF,Arsenal2872.323v.tif
79000661.TIF,Arsenal2872.324r.tif
79000662.TIF,Arsenal2872.324v.tif
79000663.TIF,Arsenal2872.325r.tif
79000664.TIF,Arsenal2872.325v.tif
79000665.TIF,Arsenal2872.326r.tif
79000666.TIF,Arsenal2872.326v.tif
79000667.TIF,Arsenal2872.327r.tif
79000668.TIF,Arsenal2872.327v.tif
79000669.TIF,Arsenal2872.328r.tif
79000670.TIF,Arsenal2872.328v.tif
79000671.TIF,Arsenal2872.329r.tif
79000672.TIF,Arsenal2872.329v.tif
79000673.TIF,Arsenal2872.330r.tif
79000674.TIF,Arsenal2872.330v.tif
79000675.TIF,Arsenal2872.331r.tif
79000676.TIF,Arsenal2872.331v.tif
79000677.TIF,Arsenal2872.332r.tif
79000678.TIF,Arsenal2872.332v.tif
79000679.TIF,Arsenal2872.333r.tif
79000680.TIF,Arsenal2872.333v.tif
79000681.TIF,Arsenal2872.334r.tif
79000682.TIF,Arsenal2872.334v.tif
79000683.TIF,Arsenal2872.335r.tif
79000684.TIF,Arsenal2872.335v.tif
79000685.TIF,Arsenal2872.336r.tif
79000686.TIF,Arsenal2872.336v.tif
79000687.TIF,Arsenal2872.337r.tif
79000688.TIF,Arsenal2872.337v.tif
79000689.TIF,Arsenal2872.338r.tif
79000690.TIF,Arsenal2872.338v.tif
79000691.TIF,Arsenal2872.339r.tif
79000692.TIF,Arsenal2872.339v.tif
79000693.TIF,Arsenal2872.340r.tif
79000694.TIF,Arsenal2872.340v.tif
79000695.TIF,Arsenal2872.341r.tif
79000696.TIF,Arsenal2872.341v.tif
79000697.TIF,Arsenal2872.342r.tif
79000698.TIF,Arsenal2872.342v.tif
79000699.TIF,Arsenal2872.343r.tif
79000700.TIF,Arsenal2872.343v.tif
79000701.TIF,Arsenal2872.344r.tif
79000702.TIF,Arsenal2872.344v.tif
79000703.TIF,Arsenal2872.345r.tif
79000704.TIF,Arsenal2872.345v.tif
79000705.TIF,Arsenal2872.346r.tif
79000706.TIF,Arsenal2872.346v.tif
79000707.TIF,Arsenal2872.347r.tif
79000708.TIF,Arsenal2872.347v.tif
79000709.TIF,Arsenal2872.348r.tif
79000710.TIF,Arsenal2872.348v.tif
79000711.TIF,Arsenal2872.349r.tif
79000712.TIF,Arsenal2872.349v.tif
79000713.TIF,Arsenal2872.350r.tif
79000714.TIF,Arsenal2872.350v.tif
79000715.TIF,Arsenal2872.351r.tif
79000716.TIF,Arsenal2872.351v.tif
79000717.TIF,Arsenal2872.352r.tif
79000718.TIF,Arsenal2872.352v.tif
79000719.TIF,Arsenal2872.353r.tif
79000720.TIF,Arsenal2872.353v.tif
79000721.TIF,Arsenal2872.354r.tif
79000722.TIF,Arsenal2872.354v.tif
79000723.TIF,Arsenal2872.355r.tif
79000724.TIF,Arsenal2872.355v.tif
79000725.TIF,Arsenal2872.356r.tif
79000726.TIF,Arsenal2872.356v.tif
79000727.TIF,Arsenal2872.357r.tif
79000728.TIF,Arsenal2872.357v.tif
79000729.TIF,Arsenal2872.358r.tif
79000730.TIF,Arsenal2872.358v.tif
79000731.TIF,Arsenal2872.359r.tif
79000732.TIF,Arsenal2872.359v.tif
79000733.TIF,Arsenal2872.360r.tif
79000734.TIF,Arsenal2872.360v.tif
79000735.TIF,Arsenal2872.361r.tif
79000736.TIF,Arsenal2872.361v.tif
79000737.TIF,Arsenal2872.362r.tif
79000738.TIF,Arsenal2872.362v.tif
79000739.TIF,Arsenal2872.363r.tif
79000740.TIF,Arsenal2872.363v.tif
79000741.TIF,Arsenal2872.364r.tif
79000742.TIF,Arsenal2872.364v.tif
79000743.TIF,Arsenal2872.365r.tif
79000744.TIF,Arsenal2872.365v.tif
79000745.TIF,Arsenal2872.366r.tif
79000746.TIF,Arsenal2872.366v.tif
79000747.TIF,Arsenal2872.367r.tif
79000748.TIF,Arsenal2872.367v.tif
79000749.TIF,Arsenal2872.368r.tif
79000750.TIF,Arsenal2872.368v.tif
79000751.TIF,Arsenal2872.369r.tif
79000752.TIF,Arsenal2872.369v.tif
79000753.TIF,Arsenal2872.370r.tif
79000754.TIF,Arsenal2872.370v.tif
79000755.TIF,Arsenal2872.371r.tif
79000756.TIF,Arsenal2872.371v.tif
79000757.TIF,Arsenal2872.372r.tif
79000758.TIF,Arsenal2872.372v.tif
79000759.TIF,Arsenal2872.373r.tif
79000760.TIF,Arsenal2872.373v.tif
79000761.TIF,Arsenal2872.374r.tif
79000762.TIF,Arsenal2872.374v.tif
79000763.TIF,Arsenal2872.375r.tif
79000764.TIF,Arsenal2872.375v.tif
79000765.TIF,Arsenal2872.376r.tif
79000766.TIF,Arsenal2872.376v.tif
79000767.TIF,Arsenal2872.377r.tif
79000768.TIF,Arsenal2872.377v.tif
79000769.TIF,Arsenal2872.378r.tif
79000770.TIF,Arsenal2872.378v.tif
79000771.TIF,Arsenal2872.379r.tif
79000772.TIF,Arsenal2872.379v.tif
79000773.TIF,Arsenal2872.380r.tif
79000774.TIF,Arsenal2872.380v.tif
79000775.TIF,Arsenal2872.381r.tif
79000776.TIF,Arsenal2872.381v.tif
79000777.TIF,Arsenal2872.382r.tif
79000778.TIF,Arsenal2872.382v.tif
79000779.TIF,Arsenal2872.383r.tif
79000780.TIF,Arsenal2872.383v.tif
79000781.TIF,Arsenal2872.384r.tif
79000782.TIF,Arsenal2872.384v.tif
79000783.TIF,Arsenal2872.385r.tif
79000784.TIF,Arsenal2872.385v.tif
79000785.TIF,Arsenal2872.386r.tif
79000786.TIF,Arsenal2872.386v.tif
79000787.TIF,Arsenal2872.387r.tif
79000788.TIF,Arsenal2872.387v.tif
79000789.TIF,Arsenal2872.388r.tif
79000790.TIF,Arsenal2872.388v.tif
79000791.TIF,Arsenal2872.389r.tif
79000792.TIF,Arsenal2872.389v.tif
79000793.TIF,Arsenal2872.390r.tif
79000794.TIF,Arsenal2872.390v.tif
79000795.TIF,Arsenal2872.391r.tif
79000796.TIF,Arsenal2872.391v.tif
79000797.TIF,Arsenal2872.392r.tif
79000798.TIF,Arsenal2872.392v.tif
79000799.TIF,Arsenal2872.393r.tif
79000800.TIF,Arsenal2872.393v.tif
79000801.TIF,Arsenal2872.394r.tif
79000802.TIF,Arsenal2872.394v.tif
79000803.TIF,Arsenal2872.395r.tif
79000804.TIF,Arsenal2872.395v.tif
79000805.TIF,Arsenal2872.396r.tif
79000806.TIF,Arsenal2872.396v.tif
79000807.TIF,Arsenal2872.397r.tif
79000808.TIF,Arsenal2872.397v.tif
79000809.TIF,Arsenal2872.398r.tif
79000810.TIF,Arsenal2872.398v.tif
79000811.TIF,Arsenal2872.399r.tif
79000812.TIF,Arsenal2872.399v.tif
79000813.TIF,Arsenal2872.400r.tif
79000814.TIF,Arsenal2872.400v.tif
79000815.TIF,Arsenal2872.401r.tif
79000816.TIF,Arsenal2872.401v.tif
79000817.TIF,Arsenal2872.402r.tif
79000818.TIF,Arsenal2872.402v.tif
79000819.TIF,Arsenal2872.403r.tif
79000820.TIF,Arsenal2872.403v.tif
79000821.TIF,Arsenal2872.404r.tif
79000822.TIF,Arsenal2872.404v.tif
79000823.TIF,Arsenal2872.405r.tif
79000824.TIF,Arsenal2872.405v.tif
79000825.TIF,Arsenal2872.406r.tif
79000826.TIF,Arsenal2872.406v.tif
79000827.TIF,Arsenal2872.407r.tif
79000828.TIF,Arsenal2872.407v.tif
79000829.TIF,Arsenal2872.408r.tif
79000830.TIF,Arsenal2872.408v.tif
79000831.TIF,Arsenal2872.409r.tif
79000832.TIF,Arsenal2872.409v.tif
79000833.TIF,Arsenal2872.410r.tif
79000834.TIF,Arsenal2872.410v.tif
79000835.TIF,Arsenal2872.411r.tif
79000836.TIF,Arsenal2872.411v.tif
79000837.TIF,Arsenal2872.412r.tif
79000838.TIF,Arsenal2872.412v.tif
79000839.TIF,Arsenal2872.413r.tif
79000840.TIF,Arsenal2872.413v.tif
79000841.TIF,Arsenal2872.414r.tif
79000842.TIF,Arsenal2872.414v.tif
79000843.TIF,Arsenal2872.415r.tif
79000844.TIF,Arsenal2872.415v.tif
79000845.TIF,Arsenal2872.416r.tif
79000846.TIF,Arsenal2872.416v.tif
79000847.TIF,Arsenal2872.417r.tif
79000848.TIF,Arsenal2872.417v.tif
79000849.TIF,Arsenal2872.418r.tif
79000850.TIF,Arsenal2872.418v.tif
79000851.TIF,Arsenal2872.419r.tif
79000852.TIF,Arsenal2872.419v.tif
79000853.TIF,Arsenal2872.420r.tif
79000854.TIF,Arsenal2872.420v.tif
79000855.TIF,Arsenal2872.421r.tif
79000856.TIF,Arsenal2872.421v.tif
79000857.TIF,Arsenal2872.422r.tif
79000858.TIF,Arsenal2872.422v.tif
79000859.TIF,Arsenal2872.423r.tif
79000860.TIF,Arsenal2872.423v.tif
79000861.TIF,Arsenal2872.424r.tif
79000862.TIF,Arsenal2872.424v.tif
79000863.TIF,Arsenal2872.425r.tif
79000864.TIF,Arsenal2872.425v.tif
79000865.TIF,Arsenal2872.426r.tif
79000866.TIF,Arsenal2872.426v.tif
79000867.TIF,Arsenal2872.427r.tif
79000868.TIF,Arsenal2872.427v.tif
79000869.TIF,Arsenal2872.428r.tif
79000870.TIF,Arsenal2872.428v.tif
79000871.TIF,Arsenal2872.429r.tif
79000872.TIF,Arsenal2872.429v.tif
79000873.TIF,Arsenal2872.430r.tif
79000874.TIF,Arsenal2872.430v.tif
79000875.TIF,Arsenal2872.431r.tif
79000876.TIF,Arsenal2872.431v.tif
79000877.TIF,Arsenal2872.432r.tif
79000878.TIF,Arsenal2872.432v.tif
79000879.TIF,Arsenal2872.433r.tif
79000880.TIF,Arsenal2872.433v.tif
79000881.TIF,Arsenal2872.434r.tif
79000882.TIF,Arsenal2872.434v.tif
79000883.TIF,Arsenal2872.435r.tif
79000884.TIF,Arsenal2872.435v.tif
79000885.TIF,Arsenal2872.436r.tif
79000886.TIF,Arsenal2872.436v.tif
79000887.TIF,Arsenal2872.437r.tif
79000888.TIF,Arsenal2872.437v.tif
79000889.TIF,Arsenal2872.438r.tif
79000890.TIF,Arsenal2872.438v.tif
79000891.TIF,Arsenal2872.439r.tif
79000892.TIF,Arsenal2872.439v.tif
79000893.TIF,Arsenal2872.440r.tif
79000894.TIF,Arsenal2872.440v.tif
79000895.TIF,Arsenal2872.441r.tif
79000896.TIF,Arsenal2872.441v.tif
79000897.TIF,Arsenal2872.442r.tif
79000898.TIF,Arsenal2872.442v.tif
79000899.TIF,Arsenal2872.443r.tif
79000900.TIF,Arsenal2872.443v.tif
79000901.TIF,Arsenal2872.444r.tif
79000902.TIF,Arsenal2872.444v.tif
79000903.TIF,Arsenal2872.445r.tif
79000904.TIF,Arsenal2872.445v.tif
79000905.TIF,Arsenal2872.446r.tif
79000906.TIF,Arsenal2872.446v.tif
79000907.TIF,Arsenal2872.447r.tif
79000908.TIF,Arsenal2872.447v.tif
79000909.TIF,Arsenal2872.448r.tif
79000910.TIF,Arsenal2872.448v.tif
79000911.TIF,Arsenal2872.449r.tif
79000912.TIF,Arsenal2872.449v.tif
79000913.TIF,Arsenal2872.450r.tif
79000914.TIF,Arsenal2872.450v.tif
79000915.TIF,Arsenal2872.451r.tif
79000916.TIF,Arsenal2872.451v.tif
79000917.TIF,Arsenal2872.452r.tif
79000918.TIF,Arsenal2872.452v.tif
79000919.TIF,Arsenal2872.453r.tif
79000920.TIF,Arsenal2872.453v.tif
79000921.TIF,Arsenal2872.454r.tif
79000922.TIF,Arsenal2872.454v.tif
79000923.TIF,Arsenal2872.455r.tif
79000924.TIF,Arsenal2872.455v.tif
79000925.TIF,Arsenal2872.456r.tif
79000926.TIF,Arsenal2872.456v.tif
79000927.TIF,Arsenal2872.457r.tif
79000928.TIF,Arsenal2872.457v.tif
79000929.TIF,Arsenal2872.458r.tif
79000930.TIF,Arsenal2872.458v.tif
79000931.TIF,Arsenal2872.459r.tif
79000932.TIF,Arsenal2872.459v.tif
79000933.TIF,Arsenal2872.460r.tif
79000934.TIF,Arsenal2872.460v.tif
79000935.TIF,Arsenal2872.461r.tif
79000936.TIF,Arsenal2872.461v.tif
79000937.TIF,Arsenal2872.462r.tif
79000938.TIF,Arsenal2872.462v.tif
79000939.TIF,Arsenal2872.463r.tif
79000940.TIF,Arsenal2872.463v.tif
79000941.TIF,Arsenal2872.464r.tif
79000942.TIF,Arsenal2872.464v.tif
79000943.TIF,Arsenal2872.465r.tif
79000944.TIF,Arsenal2872.465v.tif
79000945.TIF,Arsenal2872.466r.tif
79000946.TIF,Arsenal2872.466v.tif
79000947.TIF,Arsenal2872.467r.tif
79000948.TIF,Arsenal2872.467v.tif
79000949.TIF,Arsenal2872.468r.tif
79000950.TIF,Arsenal2872.468v.tif
79000951.TIF,Arsenal2872.469r.tif
79000952.TIF,Arsenal2872.469v.tif
79000953.TIF,Arsenal2872.470r.tif
79000954.TIF,Arsenal2872.470v.tif
79000955.TIF,Arsenal2872.471r.tif
79000956.TIF,Arsenal2872.471v.tif
79000957.TIF,Arsenal2872.472r.tif
79000958.TIF,Arsenal2872.472v.tif
79000959.TIF,Arsenal2872.473r.tif
79000960.TIF,Arsenal2872.473v.tif
79000961.TIF,Arsenal2872.474r.tif
79000962.TIF,Arsenal2872.474v.tif
79000963.TIF,Arsenal2872.475r.tif
79000964.TIF,Arsenal2872.475v.tif
79000965.TIF,Arsenal2872.476r.tif
79000966.TIF,Arsenal2872.476v.tif
79000967.TIF,Arsenal2872.477r.tif
79000968.TIF,Arsenal2872.477v.tif
79000969.TIF,Arsenal2872.endmatter.flyleaf.01r.tif
79000970.TIF,Arsenal2872.endmatter.flyleaf.01v.tif
79000971.TIF,Arsenal2872.endmatter.flyleaf.02r.tif
79000972.TIF,Arsenal2872.endmatter.flyleaf.02v.tif
79000973.TIF,Arsenal2872.endmatter.flyleaf.03r.tif
79000974.TIF,Arsenal2872.endmatter.flyleaf.03v.tif
79000975.TIF,Arsenal2872.endmatter.flyleaf.04r.tif
79000976.TIF,Arsenal2872.endmatter.flyleaf.04v.tif
79000977.TIF,Arsenal2872.endmatter.flyleaf.05r.tif
79000978.TIF,Arsenal2872.endmatter.flyleaf.05v.tif
79000979.TIF,Arsenal2872.endmatter.flyleaf.06r.tif
79000980.TIF,Arsenal2872.endmatter.flyleaf.06v.tif
79000981.TIF,Arsenal2872.endmatter.flyleaf.07r.tif
79000982.TIF,Arsenal2872.endmatter.flyleaf.07v.tif
79000983.TIF,Arsenal2872.endmatter.flyleaf.08r.tif
79000984.TIF,Arsenal2872.endmatter.flyleaf.08v.tif
79000985.TIF,Arsenal2872.endmatter.flyleaf.09r.tif
79000986.TIF,Arsenal2872.endmatter.flyleaf.09v.tif
79000987.TIF,Arsenal2872.endmatter.pastedown.tif
79000988.TIF,Arsenal2872.binding.backcover.tif
79000989.TIF,Arsenal2872.binding.spine.tif
Arsenal2872.bnf.MD5SUM,Arsenal2872.bnf.MD5SUM
