00000001.tif,PrincetonU101.binding.frontcover.tif
00000002.tif,PrincetonU101.frontmatter.pastedown.tif
00000003.tif,PrincetonU101.frontmatter.flyleaf.001r.tif
00000004.tif,PrincetonU101.frontmatter.flyleaf.001v.tif
00000005.tif,PrincetonU101.frontmatter.flyleaf.002r.tif
00000006.tif,PrincetonU101.frontmatter.flyleaf.002v.tif
00000007.tif,PrincetonU101.001r.tif
00000008.tif,PrincetonU101.001v.tif
00000009.tif,PrincetonU101.002r.tif
00000010.tif,PrincetonU101.002v.tif
00000011.tif,PrincetonU101.003r.tif
00000012.tif,PrincetonU101.003v.tif
00000013.tif,PrincetonU101.004r.tif
00000014.tif,PrincetonU101.004v.tif
00000015.tif,PrincetonU101.005r.tif
00000016.tif,PrincetonU101.005v.tif
00000017.tif,PrincetonU101.006r.tif
00000018.tif,PrincetonU101.006v.tif
00000019.tif,PrincetonU101.007r.tif
00000020.tif,PrincetonU101.007v.tif
00000021.tif,PrincetonU101.008r.tif
00000022.tif,PrincetonU101.008v.tif
00000023.tif,PrincetonU101.009r.tif
00000024.tif,PrincetonU101.009v.tif
00000025.tif,PrincetonU101.010r.tif
00000026.tif,PrincetonU101.010v.tif
00000027.tif,PrincetonU101.011r.tif
00000028.tif,PrincetonU101.011v.tif
00000029.tif,PrincetonU101.012r.tif
00000030.tif,PrincetonU101.012v.tif
00000031.tif,PrincetonU101.013r.tif
00000032.tif,PrincetonU101.013v.tif
00000033.tif,PrincetonU101.014r.tif
00000034.tif,PrincetonU101.014v.tif
00000035.tif,PrincetonU101.015r.tif
00000036.tif,PrincetonU101.015v.tif
00000037.tif,PrincetonU101.016r.tif
00000038.tif,PrincetonU101.016v.tif
00000039.tif,PrincetonU101.017r.tif
00000040.tif,PrincetonU101.017v.tif
00000041.tif,PrincetonU101.018r.tif
00000042.tif,PrincetonU101.018v.tif
00000043.tif,PrincetonU101.019r.tif
00000044.tif,PrincetonU101.019v.tif
00000045.tif,PrincetonU101.020r.tif
00000046.tif,PrincetonU101.020v.tif
00000047.tif,PrincetonU101.021r.tif
00000048.tif,PrincetonU101.021v.tif
00000049.tif,PrincetonU101.022r.tif
00000050.tif,PrincetonU101.022v.tif
00000051.tif,PrincetonU101.023r.tif
00000052.tif,PrincetonU101.023v.tif
00000053.tif,PrincetonU101.024r.tif
00000054.tif,PrincetonU101.024v.tif
00000055.tif,PrincetonU101.025r.tif
00000056.tif,PrincetonU101.025v.tif
00000057.tif,PrincetonU101.026r.tif
00000058.tif,PrincetonU101.026v.tif
00000059.tif,PrincetonU101.027r.tif
00000060.tif,PrincetonU101.027v.tif
00000061.tif,PrincetonU101.028r.tif
00000062.tif,PrincetonU101.028v.tif
00000063.tif,PrincetonU101.029r.tif
00000064.tif,PrincetonU101.029v.tif
00000065.tif,PrincetonU101.030r.tif
00000066.tif,PrincetonU101.030v.tif
00000067.tif,PrincetonU101.031r.tif
00000068.tif,PrincetonU101.031v.tif
00000069.tif,PrincetonU101.032r.tif
00000070.tif,PrincetonU101.032v.tif
00000071.tif,PrincetonU101.033r.tif
00000072.tif,PrincetonU101.033v.tif
00000073.tif,PrincetonU101.034r.tif
00000074.tif,PrincetonU101.034v.tif
00000075.tif,PrincetonU101.035r.tif
00000076.tif,PrincetonU101.035v.tif
00000077.tif,PrincetonU101.036r.tif
00000078.tif,PrincetonU101.036v.tif
00000079.tif,PrincetonU101.037r.tif
00000080.tif,PrincetonU101.037v.tif
00000081.tif,PrincetonU101.038r.tif
00000082.tif,PrincetonU101.038v.tif
00000083.tif,PrincetonU101.039r.tif
00000084.tif,PrincetonU101.039v.tif
00000085.tif,PrincetonU101.040r.tif
00000086.tif,PrincetonU101.040v.tif
00000087.tif,PrincetonU101.041r.tif
00000088.tif,PrincetonU101.041v.tif
00000089.tif,PrincetonU101.042r.tif
00000090.tif,PrincetonU101.042v.tif
00000091.tif,PrincetonU101.043r.tif
00000092.tif,PrincetonU101.043v.tif
00000093.tif,PrincetonU101.044r.tif
00000094.tif,PrincetonU101.044v.tif
00000095.tif,PrincetonU101.045r.tif
00000096.tif,PrincetonU101.045v.tif
00000097.tif,PrincetonU101.046r.tif
00000098.tif,PrincetonU101.046v.tif
00000099.tif,PrincetonU101.047r.tif
00000100.tif,PrincetonU101.047v.tif
00000101.tif,PrincetonU101.048r.tif
00000102.tif,PrincetonU101.048v.tif
00000103.tif,PrincetonU101.049r.tif
00000104.tif,PrincetonU101.049v.tif
00000105.tif,PrincetonU101.050r.tif
00000106.tif,PrincetonU101.050v.tif
00000107.tif,PrincetonU101.051r.tif
00000108.tif,PrincetonU101.051v.tif
00000109.tif,PrincetonU101.052r.tif
00000110.tif,PrincetonU101.052v.tif
00000111.tif,PrincetonU101.053r.tif
00000112.tif,PrincetonU101.053v.tif
00000113.tif,PrincetonU101.054r.tif
00000114.tif,PrincetonU101.054v.tif
00000115.tif,PrincetonU101.055r.tif
00000116.tif,PrincetonU101.055v.tif
00000117.tif,PrincetonU101.056r.tif
00000118.tif,PrincetonU101.056v.tif
00000119.tif,PrincetonU101.057r.tif
00000120.tif,PrincetonU101.057v.tif
00000121.tif,PrincetonU101.058r.tif
00000122.tif,PrincetonU101.058v.tif
00000123.tif,PrincetonU101.059r.tif
00000124.tif,PrincetonU101.059v.tif
00000125.tif,PrincetonU101.060r.tif
00000126.tif,PrincetonU101.060v.tif
00000127.tif,PrincetonU101.061r.tif
00000128.tif,PrincetonU101.061v.tif
00000129.tif,PrincetonU101.062r.tif
00000130.tif,PrincetonU101.062v.tif
00000131.tif,PrincetonU101.063r.tif
00000132.tif,PrincetonU101.063v.tif
00000133.tif,PrincetonU101.064r.tif
00000134.tif,PrincetonU101.064v.tif
00000135.tif,PrincetonU101.065r.tif
00000136.tif,PrincetonU101.065v.tif
00000137.tif,PrincetonU101.066r.tif
00000138.tif,PrincetonU101.066v.tif
00000139.tif,PrincetonU101.067r.tif
00000140.tif,PrincetonU101.067v.tif
00000141.tif,PrincetonU101.068r.tif
00000142.tif,PrincetonU101.068v.tif
00000143.tif,PrincetonU101.069r.tif
00000144.tif,PrincetonU101.069v.tif
00000145.tif,PrincetonU101.070r.tif
00000146.tif,PrincetonU101.070v.tif
00000147.tif,PrincetonU101.071r.tif
00000148.tif,PrincetonU101.071v.tif
00000149.tif,PrincetonU101.072r.tif
00000150.tif,PrincetonU101.072v.tif
00000151.tif,PrincetonU101.073r.tif
00000152.tif,PrincetonU101.073v.tif
00000153.tif,PrincetonU101.074r.tif
00000154.tif,PrincetonU101.074v.tif
00000155.tif,PrincetonU101.075r.tif
00000156.tif,PrincetonU101.075v.tif
00000157.tif,PrincetonU101.076r.tif
00000158.tif,PrincetonU101.076v.tif
00000159.tif,PrincetonU101.077r.tif
00000160.tif,PrincetonU101.077v.tif
00000161.tif,PrincetonU101.078r.tif
00000162.tif,PrincetonU101.078v.tif
00000163.tif,PrincetonU101.079r.tif
00000164.tif,PrincetonU101.079v.tif
00000165.tif,PrincetonU101.080r.tif
00000166.tif,PrincetonU101.080v.tif
00000167.tif,PrincetonU101.081r.tif
00000168.tif,PrincetonU101.081v.tif
00000169.tif,PrincetonU101.082r.tif
00000170.tif,PrincetonU101.082v.tif
00000171.tif,PrincetonU101.083r.tif
00000172.tif,PrincetonU101.083v.tif
00000173.tif,PrincetonU101.084r.tif
00000174.tif,PrincetonU101.084v.tif
00000175.tif,PrincetonU101.085r.tif
00000176.tif,PrincetonU101.085v.tif
00000177.tif,PrincetonU101.086r.tif
00000178.tif,PrincetonU101.086v.tif
00000179.tif,PrincetonU101.087r.tif
00000180.tif,PrincetonU101.087v.tif
00000181.tif,PrincetonU101.088r.tif
00000182.tif,PrincetonU101.088v.tif
00000183.tif,PrincetonU101.089r.tif
00000184.tif,PrincetonU101.089v.tif
00000185.tif,PrincetonU101.090r.tif
00000186.tif,PrincetonU101.090v.tif
00000187.tif,PrincetonU101.091r.tif
00000188.tif,PrincetonU101.091v.tif
00000189.tif,PrincetonU101.092r.tif
00000190.tif,PrincetonU101.092v.tif
00000191.tif,PrincetonU101.093r.tif
00000192.tif,PrincetonU101.093v.tif
00000193.tif,PrincetonU101.094r.tif
00000194.tif,PrincetonU101.094v.tif
00000195.tif,PrincetonU101.095r.tif
00000196.tif,PrincetonU101.095v.tif
00000197.tif,PrincetonU101.096r.tif
00000198.tif,PrincetonU101.096v.tif
00000199.tif,PrincetonU101.097r.tif
00000200.tif,PrincetonU101.097v.tif
00000201.tif,PrincetonU101.098r.tif
00000202.tif,PrincetonU101.098v.tif
00000203.tif,PrincetonU101.099r.tif
00000204.tif,PrincetonU101.099v.tif
00000205.tif,PrincetonU101.100r.tif
00000206.tif,PrincetonU101.100v.tif
00000207.tif,PrincetonU101.101r.tif
00000208.tif,PrincetonU101.101v.tif
00000209.tif,PrincetonU101.102r.tif
00000210.tif,PrincetonU101.102v.tif
00000211.tif,PrincetonU101.103r.tif
00000212.tif,PrincetonU101.103v.tif
00000213.tif,PrincetonU101.104r.tif
00000214.tif,PrincetonU101.104v.tif
00000215.tif,PrincetonU101.105r.tif
00000216.tif,PrincetonU101.105v.tif
00000217.tif,PrincetonU101.106r.tif
00000218.tif,PrincetonU101.106v.tif
00000219.tif,PrincetonU101.107r.tif
00000220.tif,PrincetonU101.107v.tif
00000221.tif,PrincetonU101.108r.tif
00000222.tif,PrincetonU101.108v.tif
00000223.tif,PrincetonU101.109r.tif
00000224.tif,PrincetonU101.109v.tif
00000225.tif,PrincetonU101.110r.tif
00000226.tif,PrincetonU101.110v.tif
00000227.tif,PrincetonU101.111r.tif
00000228.tif,PrincetonU101.111v.tif
00000229.tif,PrincetonU101.112r.tif
00000230.tif,PrincetonU101.112v.tif
00000231.tif,PrincetonU101.113r.tif
00000232.tif,PrincetonU101.113v.tif
00000233.tif,PrincetonU101.114r.tif
00000234.tif,PrincetonU101.114v.tif
00000235.tif,PrincetonU101.115r.tif
00000236.tif,PrincetonU101.115v.tif
00000237.tif,PrincetonU101.116r.tif
00000238.tif,PrincetonU101.116v.tif
00000239.tif,PrincetonU101.117r.tif
00000240.tif,PrincetonU101.117v.tif
00000241.tif,PrincetonU101.118r.tif
00000242.tif,PrincetonU101.118v.tif
00000243.tif,PrincetonU101.119r.tif
00000244.tif,PrincetonU101.119v.tif
00000245.tif,PrincetonU101.120r.tif
00000246.tif,PrincetonU101.120v.tif
00000247.tif,PrincetonU101.121r.tif
00000248.tif,PrincetonU101.121v.tif
00000249.tif,PrincetonU101.122r.tif
00000250.tif,PrincetonU101.122v.tif
00000251.tif,PrincetonU101.123r.tif
00000252.tif,PrincetonU101.123v.tif
00000253.tif,PrincetonU101.124r.tif
00000254.tif,PrincetonU101.124v.tif
00000255.tif,PrincetonU101.endmatter.flyleaf.001r.tif
00000256.tif,PrincetonU101.endmatter.flyleaf.001v.tif
00000257.tif,PrincetonU101.endmatter.flyleaf.002r.tif
00000258.tif,PrincetonU101.endmatter.flyleaf.002v.tif
00000259.tif,PrincetonU101.endmatter.pastedown.tif
00000260.tif,PrincetonU101.binding.backcover.tif
